ISO-10303-21;
HEADER;
FILE_DESCRIPTION((''),'2;1');
FILE_NAME('532590229','2016-09-30T',('gsharma'),(''),
'PRO/ENGINEER BY PARAMETRIC TECHNOLOGY CORPORATION, 2012310',
'PRO/ENGINEER BY PARAMETRIC TECHNOLOGY CORPORATION, 2012310','');
FILE_SCHEMA(('CONFIG_CONTROL_DESIGN'));
ENDSEC;
DATA;
#1=DIRECTION('',(0.E0,0.E0,-1.E0));
#2=VECTOR('',#1,4.8E0);
#3=CARTESIAN_POINT('',(-4.55E0,-3.95E0,5.1E0));
#4=LINE('',#3,#2);
#5=DIRECTION('',(0.E0,0.E0,-1.E0));
#6=VECTOR('',#5,7.4E0);
#7=CARTESIAN_POINT('',(-4.55E0,-3.95E0,3.E-1));
#8=LINE('',#7,#6);
#9=DIRECTION('',(0.E0,1.E0,0.E0));
#10=VECTOR('',#9,3.E0);
#11=CARTESIAN_POINT('',(-4.55E0,-3.95E0,-7.1E0));
#12=LINE('',#11,#10);
#13=DIRECTION('',(0.E0,6.887494619147E-1,7.249994335944E-1));
#14=VECTOR('',#13,2.758622844827E0);
#15=CARTESIAN_POINT('',(-4.55E0,-9.5E-1,-7.1E0));
#16=LINE('',#15,#14);
#17=DIRECTION('',(0.E0,0.E0,1.E0));
#18=VECTOR('',#17,2.E0);
#19=CARTESIAN_POINT('',(-4.55E0,9.5E-1,-5.1E0));
#20=LINE('',#19,#18);
#21=DIRECTION('',(0.E0,1.E0,0.E0));
#22=VECTOR('',#21,3.E0);
#23=CARTESIAN_POINT('',(-4.55E0,9.5E-1,-3.1E0));
#24=LINE('',#23,#22);
#25=DIRECTION('',(0.E0,0.E0,1.E0));
#26=VECTOR('',#25,1.02E1);
#27=CARTESIAN_POINT('',(-4.55E0,3.95E0,-3.1E0));
#28=LINE('',#27,#26);
#29=DIRECTION('',(0.E0,-1.E0,0.E0));
#30=VECTOR('',#29,7.6E0);
#31=CARTESIAN_POINT('',(-4.55E0,3.95E0,7.1E0));
#32=LINE('',#31,#30);
#33=DIRECTION('',(0.E0,0.E0,-1.E0));
#34=VECTOR('',#33,2.E0);
#35=CARTESIAN_POINT('',(-4.55E0,-3.65E0,7.1E0));
#36=LINE('',#35,#34);
#37=DIRECTION('',(0.E0,-1.E0,0.E0));
#38=VECTOR('',#37,3.E-1);
#39=CARTESIAN_POINT('',(-4.55E0,-3.65E0,5.1E0));
#40=LINE('',#39,#38);
#41=DIRECTION('',(0.E0,0.E0,-1.E0));
#42=VECTOR('',#41,1.02E1);
#43=CARTESIAN_POINT('',(7.5E-1,-3.95E0,5.1E0));
#44=LINE('',#43,#42);
#45=DIRECTION('',(2.195119140272E-1,0.E0,9.756098193438E-1));
#46=VECTOR('',#45,2.049999867104E0);
#47=CARTESIAN_POINT('',(3.000006054166E-1,-3.95E0,-7.1E0));
#48=LINE('',#47,#46);
#49=DIRECTION('',(2.195124762167E-1,0.E0,-9.756096928512E-1));
#50=VECTOR('',#49,2.050000132896E0);
#51=CARTESIAN_POINT('',(-7.5E-1,-3.95E0,-5.1E0));
#52=LINE('',#51,#50);
#53=DIRECTION('',(0.E0,0.E0,-1.E0));
#54=VECTOR('',#53,1.02E1);
#55=CARTESIAN_POINT('',(-7.5E-1,-3.95E0,5.1E0));
#56=LINE('',#55,#54);
#57=DIRECTION('',(1.E0,0.E0,0.E0));
#58=VECTOR('',#57,1.5E0);
#59=CARTESIAN_POINT('',(-7.5E-1,-3.95E0,5.1E0));
#60=LINE('',#59,#58);
#61=CARTESIAN_POINT('',(-3.8E0,-3.95E0,3.E-1));
#62=DIRECTION('',(0.E0,-1.E0,0.E0));
#63=DIRECTION('',(1.E0,0.E0,0.E0));
#64=AXIS2_PLACEMENT_3D('',#61,#62,#63);
#66=DIRECTION('',(1.E0,0.E0,0.E0));
#67=VECTOR('',#66,1.8E0);
#68=CARTESIAN_POINT('',(-4.55E0,-3.95E0,5.1E0));
#69=LINE('',#68,#67);
#70=CARTESIAN_POINT('',(-3.8E0,-3.95E0,3.E-1));
#71=DIRECTION('',(0.E0,-1.E0,0.E0));
#72=DIRECTION('',(-1.E0,0.E0,0.E0));
#73=AXIS2_PLACEMENT_3D('',#70,#71,#72);
#75=CARTESIAN_POINT('',(3.8E0,-3.95E0,3.E-1));
#76=DIRECTION('',(0.E0,-1.E0,0.E0));
#77=DIRECTION('',(1.E0,0.E0,0.E0));
#78=AXIS2_PLACEMENT_3D('',#75,#76,#77);
#80=CARTESIAN_POINT('',(3.8E0,-3.95E0,3.E-1));
#81=DIRECTION('',(0.E0,-1.E0,0.E0));
#82=DIRECTION('',(-1.E0,0.E0,0.E0));
#83=AXIS2_PLACEMENT_3D('',#80,#81,#82);
#85=DIRECTION('',(1.E0,0.E0,0.E0));
#86=VECTOR('',#85,1.8E0);
#87=CARTESIAN_POINT('',(2.75E0,-3.95E0,5.1E0));
#88=LINE('',#87,#86);
#89=DIRECTION('',(0.E0,0.E0,-1.E0));
#90=VECTOR('',#89,1.02E1);
#91=CARTESIAN_POINT('',(7.5E-1,-3.65E0,5.1E0));
#92=LINE('',#91,#90);
#93=DIRECTION('',(0.E0,-1.E0,0.E0));
#94=VECTOR('',#93,3.E-1);
#95=CARTESIAN_POINT('',(-2.75E0,-3.65E0,5.1E0));
#96=LINE('',#95,#94);
#97=DIRECTION('',(1.E0,0.E0,0.E0));
#98=VECTOR('',#97,1.8E0);
#99=CARTESIAN_POINT('',(-4.55E0,-3.65E0,5.1E0));
#100=LINE('',#99,#98);
#101=DIRECTION('',(0.E0,-1.E0,0.E0));
#102=VECTOR('',#101,3.E-1);
#103=CARTESIAN_POINT('',(2.75E0,-3.65E0,5.1E0));
#104=LINE('',#103,#102);
#105=DIRECTION('',(1.E0,0.E0,0.E0));
#106=VECTOR('',#105,1.8E0);
#107=CARTESIAN_POINT('',(2.75E0,-3.65E0,5.1E0));
#108=LINE('',#107,#106);
#109=DIRECTION('',(0.E0,-1.E0,0.E0));
#110=VECTOR('',#109,3.E-1);
#111=CARTESIAN_POINT('',(7.5E-1,-3.65E0,5.1E0));
#112=LINE('',#111,#110);
#113=DIRECTION('',(0.E0,-1.E0,0.E0));
#114=VECTOR('',#113,3.E-1);
#115=CARTESIAN_POINT('',(-7.5E-1,-3.65E0,5.1E0));
#116=LINE('',#115,#114);
#117=DIRECTION('',(1.E0,0.E0,0.E0));
#118=VECTOR('',#117,1.5E0);
#119=CARTESIAN_POINT('',(-7.5E-1,-3.65E0,5.1E0));
#120=LINE('',#119,#118);
#121=DIRECTION('',(0.E0,0.E0,1.E0));
#122=VECTOR('',#121,1.22E1);
#123=CARTESIAN_POINT('',(-2.75E0,-3.95E0,-7.1E0));
#124=LINE('',#123,#122);
#125=DIRECTION('',(0.E0,0.E0,-1.E0));
#126=VECTOR('',#125,1.02E1);
#127=CARTESIAN_POINT('',(-2.75E0,-3.65E0,5.1E0));
#128=LINE('',#127,#126);
#129=DIRECTION('',(0.E0,0.E0,-1.E0));
#130=VECTOR('',#129,1.02E1);
#131=CARTESIAN_POINT('',(2.75E0,-3.65E0,5.1E0));
#132=LINE('',#131,#130);
#133=DIRECTION('',(0.E0,0.E0,-1.E0));
#134=VECTOR('',#133,1.02E1);
#135=CARTESIAN_POINT('',(-7.5E-1,-3.65E0,5.1E0));
#136=LINE('',#135,#134);
#137=DIRECTION('',(1.E0,0.E0,0.E0));
#138=VECTOR('',#137,9.1E0);
#139=CARTESIAN_POINT('',(-4.55E0,-3.65E0,7.1E0));
#140=LINE('',#139,#138);
#141=DIRECTION('',(0.E0,-1.E0,0.E0));
#142=VECTOR('',#141,4.6E0);
#143=CARTESIAN_POINT('',(2.75E0,9.5E-1,-5.1E0));
#144=LINE('',#143,#142);
#145=DIRECTION('',(0.E0,0.E0,-1.E0));
#146=VECTOR('',#145,1.22E1);
#147=CARTESIAN_POINT('',(2.75E0,-3.95E0,5.1E0));
#148=LINE('',#147,#146);
#149=DIRECTION('',(1.E0,0.E0,0.E0));
#150=VECTOR('',#149,2.5E-1);
#151=CARTESIAN_POINT('',(2.5E0,-3.65E0,-5.1E0));
#152=LINE('',#151,#150);
#153=DIRECTION('',(0.E0,-1.E0,0.E0));
#154=VECTOR('',#153,4.6E0);
#155=CARTESIAN_POINT('',(2.5E0,9.5E-1,-5.1E0));
#156=LINE('',#155,#154);
#157=DIRECTION('',(0.E0,0.E0,1.E0));
#158=VECTOR('',#157,2.E0);
#159=CARTESIAN_POINT('',(-2.5E0,9.5E-1,-5.1E0));
#160=LINE('',#159,#158);
#161=DIRECTION('',(1.E0,0.E0,0.E0));
#162=VECTOR('',#161,1.8E0);
#163=CARTESIAN_POINT('',(-4.55E0,9.5E-1,-5.1E0));
#164=LINE('',#163,#162);
#165=DIRECTION('',(1.E0,0.E0,0.E0));
#166=VECTOR('',#165,2.5E-1);
#167=CARTESIAN_POINT('',(-2.75E0,9.5E-1,-5.1E0));
#168=LINE('',#167,#166);
#169=DIRECTION('',(0.E0,0.E0,1.E0));
#170=VECTOR('',#169,2.E0);
#171=CARTESIAN_POINT('',(1.E0,9.5E-1,-5.1E0));
#172=LINE('',#171,#170);
#173=DIRECTION('',(0.E0,0.E0,1.E0));
#174=VECTOR('',#173,2.E0);
#175=CARTESIAN_POINT('',(-1.E0,9.5E-1,-5.1E0));
#176=LINE('',#175,#174);
#177=DIRECTION('',(1.E0,0.E0,0.E0));
#178=VECTOR('',#177,2.5E-1);
#179=CARTESIAN_POINT('',(-1.E0,9.5E-1,-5.1E0));
#180=LINE('',#179,#178);
#181=DIRECTION('',(1.E0,0.E0,0.E0));
#182=VECTOR('',#181,1.5E0);
#183=CARTESIAN_POINT('',(-7.5E-1,9.5E-1,-5.1E0));
#184=LINE('',#183,#182);
#185=DIRECTION('',(1.E0,0.E0,0.E0));
#186=VECTOR('',#185,2.5E-1);
#187=CARTESIAN_POINT('',(7.5E-1,9.5E-1,-5.1E0));
#188=LINE('',#187,#186);
#189=DIRECTION('',(0.E0,0.E0,1.E0));
#190=VECTOR('',#189,2.E0);
#191=CARTESIAN_POINT('',(2.5E0,9.5E-1,-5.1E0));
#192=LINE('',#191,#190);
#193=DIRECTION('',(1.E0,0.E0,0.E0));
#194=VECTOR('',#193,2.5E-1);
#195=CARTESIAN_POINT('',(2.5E0,9.5E-1,-5.1E0));
#196=LINE('',#195,#194);
#197=DIRECTION('',(1.E0,0.E0,0.E0));
#198=VECTOR('',#197,1.8E0);
#199=CARTESIAN_POINT('',(2.75E0,9.5E-1,-5.1E0));
#200=LINE('',#199,#198);
#201=DIRECTION('',(0.E0,0.E0,1.E0));
#202=VECTOR('',#201,2.E0);
#203=CARTESIAN_POINT('',(-2.5E0,-3.65E0,-5.1E0));
#204=LINE('',#203,#202);
#205=DIRECTION('',(0.E0,-5.547001962252E-1,-8.320502943378E-1));
#206=VECTOR('',#205,1.081665382639E0);
#207=CARTESIAN_POINT('',(-2.5E0,5.E-2,-2.2E0));
#208=LINE('',#207,#206);
#209=DIRECTION('',(0.E0,0.E0,-1.E0));
#210=VECTOR('',#209,1.8E0);
#211=CARTESIAN_POINT('',(-2.5E0,5.E-2,-4.E-1));
#212=LINE('',#211,#210);
#213=DIRECTION('',(0.E0,0.E0,-1.E0));
#214=VECTOR('',#213,2.E-1);
#215=CARTESIAN_POINT('',(-2.5E0,2.05E0,-4.E-1));
#216=LINE('',#215,#214);
#217=DIRECTION('',(0.E0,0.E0,1.E0));
#218=VECTOR('',#217,2.5E0);
#219=CARTESIAN_POINT('',(-2.5E0,2.55E0,-3.1E0));
#220=LINE('',#219,#218);
#221=DIRECTION('',(0.E0,-1.E0,0.E0));
#222=VECTOR('',#221,4.6E0);
#223=CARTESIAN_POINT('',(-2.5E0,9.5E-1,-5.1E0));
#224=LINE('',#223,#222);
#225=DIRECTION('',(-1.E0,0.E0,0.E0));
#226=VECTOR('',#225,1.5E0);
#227=CARTESIAN_POINT('',(-1.E0,-3.65E0,-3.1E0));
#228=LINE('',#227,#226);
#229=DIRECTION('',(1.E0,0.E0,0.E0));
#230=VECTOR('',#229,1.5E0);
#231=CARTESIAN_POINT('',(-2.5E0,-5.5E-1,-3.1E0));
#232=LINE('',#231,#230);
#233=DIRECTION('',(0.E0,-1.E0,0.E0));
#234=VECTOR('',#233,3.1E0);
#235=CARTESIAN_POINT('',(-2.5E0,-5.5E-1,-3.1E0));
#236=LINE('',#235,#234);
#237=DIRECTION('',(-1.E0,0.E0,0.E0));
#238=VECTOR('',#237,1.5E0);
#239=CARTESIAN_POINT('',(2.5E0,-3.65E0,-3.1E0));
#240=LINE('',#239,#238);
#241=DIRECTION('',(1.E0,0.E0,0.E0));
#242=VECTOR('',#241,1.5E0);
#243=CARTESIAN_POINT('',(1.E0,-5.5E-1,-3.1E0));
#244=LINE('',#243,#242);
#245=DIRECTION('',(0.E0,-1.E0,0.E0));
#246=VECTOR('',#245,3.1E0);
#247=CARTESIAN_POINT('',(1.E0,-5.5E-1,-3.1E0));
#248=LINE('',#247,#246);
#249=DIRECTION('',(-1.E0,0.E0,0.E0));
#250=VECTOR('',#249,5.E-1);
#251=CARTESIAN_POINT('',(4.55E0,3.45E0,-3.1E0));
#252=LINE('',#251,#250);
#253=DIRECTION('',(0.E0,-1.E0,0.E0));
#254=VECTOR('',#253,5.E-1);
#255=CARTESIAN_POINT('',(4.05E0,3.95E0,-3.1E0));
#256=LINE('',#255,#254);
#257=DIRECTION('',(1.E0,0.E0,0.E0));
#258=VECTOR('',#257,2.05E0);
#259=CARTESIAN_POINT('',(-4.55E0,9.5E-1,-3.1E0));
#260=LINE('',#259,#258);
#261=DIRECTION('',(0.E0,1.E0,0.E0));
#262=VECTOR('',#261,1.6E0);
#263=CARTESIAN_POINT('',(-2.5E0,9.5E-1,-3.1E0));
#264=LINE('',#263,#262);
#265=DIRECTION('',(1.E0,0.E0,0.E0));
#266=VECTOR('',#265,1.5E0);
#267=CARTESIAN_POINT('',(-2.5E0,2.55E0,-3.1E0));
#268=LINE('',#267,#266);
#269=DIRECTION('',(0.E0,1.E0,0.E0));
#270=VECTOR('',#269,1.6E0);
#271=CARTESIAN_POINT('',(-1.E0,9.5E-1,-3.1E0));
#272=LINE('',#271,#270);
#273=DIRECTION('',(1.E0,0.E0,0.E0));
#274=VECTOR('',#273,2.E0);
#275=CARTESIAN_POINT('',(-1.E0,9.5E-1,-3.1E0));
#276=LINE('',#275,#274);
#277=DIRECTION('',(0.E0,1.E0,0.E0));
#278=VECTOR('',#277,1.6E0);
#279=CARTESIAN_POINT('',(1.E0,9.5E-1,-3.1E0));
#280=LINE('',#279,#278);
#281=DIRECTION('',(1.E0,0.E0,0.E0));
#282=VECTOR('',#281,1.5E0);
#283=CARTESIAN_POINT('',(1.E0,2.55E0,-3.1E0));
#284=LINE('',#283,#282);
#285=DIRECTION('',(0.E0,1.E0,0.E0));
#286=VECTOR('',#285,1.6E0);
#287=CARTESIAN_POINT('',(2.5E0,9.5E-1,-3.1E0));
#288=LINE('',#287,#286);
#289=DIRECTION('',(1.E0,0.E0,0.E0));
#290=VECTOR('',#289,2.05E0);
#291=CARTESIAN_POINT('',(2.5E0,9.5E-1,-3.1E0));
#292=LINE('',#291,#290);
#293=DIRECTION('',(0.E0,0.E0,-1.E0));
#294=VECTOR('',#293,2.E0);
#295=CARTESIAN_POINT('',(-1.E0,-3.65E0,-3.1E0));
#296=LINE('',#295,#294);
#297=DIRECTION('',(0.E0,0.E0,1.E0));
#298=VECTOR('',#297,2.5E0);
#299=CARTESIAN_POINT('',(-1.E0,2.55E0,-3.1E0));
#300=LINE('',#299,#298);
#301=DIRECTION('',(0.E0,0.E0,-1.E0));
#302=VECTOR('',#301,2.E-1);
#303=CARTESIAN_POINT('',(-1.E0,2.05E0,-4.E-1));
#304=LINE('',#303,#302);
#305=DIRECTION('',(0.E0,0.E0,-1.E0));
#306=VECTOR('',#305,1.8E0);
#307=CARTESIAN_POINT('',(-1.E0,5.E-2,-4.E-1));
#308=LINE('',#307,#306);
#309=DIRECTION('',(0.E0,-5.547001962252E-1,-8.320502943378E-1));
#310=VECTOR('',#309,1.081665382639E0);
#311=CARTESIAN_POINT('',(-1.E0,5.E-2,-2.2E0));
#312=LINE('',#311,#310);
#313=DIRECTION('',(0.E0,-1.E0,0.E0));
#314=VECTOR('',#313,3.1E0);
#315=CARTESIAN_POINT('',(-1.E0,-5.5E-1,-3.1E0));
#316=LINE('',#315,#314);
#317=DIRECTION('',(1.E0,0.E0,0.E0));
#318=VECTOR('',#317,2.5E-1);
#319=CARTESIAN_POINT('',(-1.E0,-3.65E0,-5.1E0));
#320=LINE('',#319,#318);
#321=DIRECTION('',(0.E0,1.E0,0.E0));
#322=VECTOR('',#321,4.6E0);
#323=CARTESIAN_POINT('',(-7.5E-1,-3.65E0,-5.1E0));
#324=LINE('',#323,#322);
#325=DIRECTION('',(0.E0,-1.E0,0.E0));
#326=VECTOR('',#325,4.6E0);
#327=CARTESIAN_POINT('',(-1.E0,9.5E-1,-5.1E0));
#328=LINE('',#327,#326);
#329=DIRECTION('',(0.E0,1.E0,0.E0));
#330=VECTOR('',#329,3.E-1);
#331=CARTESIAN_POINT('',(-7.5E-1,-3.95E0,-5.1E0));
#332=LINE('',#331,#330);
#333=DIRECTION('',(0.E0,1.E0,0.E0));
#334=VECTOR('',#333,3.E0);
#335=CARTESIAN_POINT('',(-2.75E0,-3.95E0,-7.1E0));
#336=LINE('',#335,#334);
#337=DIRECTION('',(1.E0,0.E0,0.E0));
#338=VECTOR('',#337,1.8E0);
#339=CARTESIAN_POINT('',(-4.55E0,-3.95E0,-7.1E0));
#340=LINE('',#339,#338);
#341=DIRECTION('',(0.E0,1.E0,0.E0));
#342=VECTOR('',#341,3.E0);
#343=CARTESIAN_POINT('',(2.75E0,-3.95E0,-7.1E0));
#344=LINE('',#343,#342);
#345=DIRECTION('',(1.E0,0.E0,0.E0));
#346=VECTOR('',#345,1.8E0);
#347=CARTESIAN_POINT('',(2.75E0,-3.95E0,-7.1E0));
#348=LINE('',#347,#346);
#349=DIRECTION('',(0.E0,1.E0,0.E0));
#350=VECTOR('',#349,3.E0);
#351=CARTESIAN_POINT('',(-2.999993945834E-1,-3.95E0,-7.1E0));
#352=LINE('',#351,#350);
#353=DIRECTION('',(1.E0,0.E0,0.E0));
#354=VECTOR('',#353,6.E-1);
#355=CARTESIAN_POINT('',(-2.999993945834E-1,-3.95E0,-7.1E0));
#356=LINE('',#355,#354);
#357=DIRECTION('',(0.E0,1.E0,0.E0));
#358=VECTOR('',#357,3.E0);
#359=CARTESIAN_POINT('',(3.000006054166E-1,-3.95E0,-7.1E0));
#360=LINE('',#359,#358);
#361=DIRECTION('',(0.E0,6.887494619147E-1,7.249994335944E-1));
#362=VECTOR('',#361,2.758622844827E0);
#363=CARTESIAN_POINT('',(-2.75E0,-9.5E-1,-7.1E0));
#364=LINE('',#363,#362);
#365=DIRECTION('',(1.E0,0.E0,0.E0));
#366=VECTOR('',#365,1.8E0);
#367=CARTESIAN_POINT('',(-4.55E0,-9.5E-1,-7.1E0));
#368=LINE('',#367,#366);
#369=DIRECTION('',(0.E0,6.887494619147E-1,7.249994335944E-1));
#370=VECTOR('',#369,2.758622844827E0);
#371=CARTESIAN_POINT('',(2.75E0,-9.5E-1,-7.1E0));
#372=LINE('',#371,#370);
#373=DIRECTION('',(1.E0,0.E0,0.E0));
#374=VECTOR('',#373,1.8E0);
#375=CARTESIAN_POINT('',(2.75E0,-9.5E-1,-7.1E0));
#376=LINE('',#375,#374);
#377=DIRECTION('',(-1.609971053661E-1,6.797646414552E-1,7.155417278475E-1));
#378=VECTOR('',#377,2.795085069345E0);
#379=CARTESIAN_POINT('',(-2.999993945834E-1,-9.5E-1,-7.1E0));
#380=LINE('',#379,#378);
#381=DIRECTION('',(1.E0,0.E0,0.E0));
#382=VECTOR('',#381,6.E-1);
#383=CARTESIAN_POINT('',(-2.999993945834E-1,-9.5E-1,-7.1E0));
#384=LINE('',#383,#382);
#385=DIRECTION('',(1.609966833938E-1,6.797646888647E-1,7.155417777523E-1));
#386=VECTOR('',#385,2.795084874405E0);
#387=CARTESIAN_POINT('',(3.000006054166E-1,-9.5E-1,-7.1E0));
#388=LINE('',#387,#386);
#389=DIRECTION('',(0.E0,-1.E0,0.E0));
#390=VECTOR('',#389,5.E-1);
#391=CARTESIAN_POINT('',(4.55E0,3.95E0,-2.1E0));
#392=LINE('',#391,#390);
#393=DIRECTION('',(0.E0,0.E0,-1.E0));
#394=VECTOR('',#393,1.E0);
#395=CARTESIAN_POINT('',(4.55E0,3.45E0,-2.1E0));
#396=LINE('',#395,#394);
#397=DIRECTION('',(0.E0,1.E0,0.E0));
#398=VECTOR('',#397,2.5E0);
#399=CARTESIAN_POINT('',(4.55E0,9.5E-1,-3.1E0));
#400=LINE('',#399,#398);
#401=DIRECTION('',(0.E0,0.E0,1.E0));
#402=VECTOR('',#401,2.E0);
#403=CARTESIAN_POINT('',(4.55E0,9.5E-1,-5.1E0));
#404=LINE('',#403,#402);
#405=DIRECTION('',(0.E0,6.887494619147E-1,7.249994335944E-1));
#406=VECTOR('',#405,2.758622844827E0);
#407=CARTESIAN_POINT('',(4.55E0,-9.5E-1,-7.1E0));
#408=LINE('',#407,#406);
#409=DIRECTION('',(0.E0,1.E0,0.E0));
#410=VECTOR('',#409,3.E0);
#411=CARTESIAN_POINT('',(4.55E0,-3.95E0,-7.1E0));
#412=LINE('',#411,#410);
#413=DIRECTION('',(0.E0,0.E0,-1.E0));
#414=VECTOR('',#413,7.4E0);
#415=CARTESIAN_POINT('',(4.55E0,-3.95E0,3.E-1));
#416=LINE('',#415,#414);
#417=DIRECTION('',(0.E0,0.E0,-1.E0));
#418=VECTOR('',#417,4.8E0);
#419=CARTESIAN_POINT('',(4.55E0,-3.95E0,5.1E0));
#420=LINE('',#419,#418);
#421=DIRECTION('',(0.E0,-1.E0,0.E0));
#422=VECTOR('',#421,3.E-1);
#423=CARTESIAN_POINT('',(4.55E0,-3.65E0,5.1E0));
#424=LINE('',#423,#422);
#425=DIRECTION('',(0.E0,0.E0,-1.E0));
#426=VECTOR('',#425,2.E0);
#427=CARTESIAN_POINT('',(4.55E0,-3.65E0,7.1E0));
#428=LINE('',#427,#426);
#429=DIRECTION('',(0.E0,-1.E0,0.E0));
#430=VECTOR('',#429,7.6E0);
#431=CARTESIAN_POINT('',(4.55E0,3.95E0,7.1E0));
#432=LINE('',#431,#430);
#433=DIRECTION('',(0.E0,0.E0,1.E0));
#434=VECTOR('',#433,9.2E0);
#435=CARTESIAN_POINT('',(4.55E0,3.95E0,-2.1E0));
#436=LINE('',#435,#434);
#437=DIRECTION('',(0.E0,1.E0,0.E0));
#438=VECTOR('',#437,5.E-1);
#439=CARTESIAN_POINT('',(4.05E0,3.45E0,-2.1E0));
#440=LINE('',#439,#438);
#441=DIRECTION('',(-1.E0,0.E0,0.E0));
#442=VECTOR('',#441,5.E-1);
#443=CARTESIAN_POINT('',(4.55E0,3.45E0,-2.1E0));
#444=LINE('',#443,#442);
#445=DIRECTION('',(-1.E0,0.E0,0.E0));
#446=VECTOR('',#445,5.E-1);
#447=CARTESIAN_POINT('',(4.55E0,3.95E0,-2.1E0));
#448=LINE('',#447,#446);
#449=DIRECTION('',(0.E0,0.E0,-1.E0));
#450=VECTOR('',#449,6.15E0);
#451=CARTESIAN_POINT('',(3.05E0,3.95E0,7.1E0));
#452=LINE('',#451,#450);
#453=CARTESIAN_POINT('',(2.5E0,3.95E0,9.5E-1));
#454=DIRECTION('',(0.E0,1.E0,0.E0));
#455=DIRECTION('',(1.E0,0.E0,0.E0));
#456=AXIS2_PLACEMENT_3D('',#453,#454,#455);
#458=DIRECTION('',(0.E0,0.E0,-1.E0));
#459=VECTOR('',#458,5.65E0);
#460=CARTESIAN_POINT('',(1.95E0,3.95E0,6.6E0));
#461=LINE('',#460,#459);
#462=DIRECTION('',(1.E0,0.E0,0.E0));
#463=VECTOR('',#462,1.475E0);
#464=CARTESIAN_POINT('',(4.75E-1,3.95E0,6.6E0));
#465=LINE('',#464,#463);
#466=DIRECTION('',(0.E0,0.E0,-1.E0));
#467=VECTOR('',#466,2.8E0);
#468=CARTESIAN_POINT('',(4.75E-1,3.95E0,6.6E0));
#469=LINE('',#468,#467);
#470=DIRECTION('',(1.E0,0.E0,0.E0));
#471=VECTOR('',#470,9.5E-1);
#472=CARTESIAN_POINT('',(-4.75E-1,3.95E0,3.8E0));
#473=LINE('',#472,#471);
#474=DIRECTION('',(0.E0,0.E0,-1.E0));
#475=VECTOR('',#474,2.8E0);
#476=CARTESIAN_POINT('',(-4.75E-1,3.95E0,6.6E0));
#477=LINE('',#476,#475);
#478=DIRECTION('',(1.E0,0.E0,0.E0));
#479=VECTOR('',#478,1.475E0);
#480=CARTESIAN_POINT('',(-1.95E0,3.95E0,6.6E0));
#481=LINE('',#480,#479);
#482=DIRECTION('',(0.E0,0.E0,-1.E0));
#483=VECTOR('',#482,5.95E0);
#484=CARTESIAN_POINT('',(-1.95E0,3.95E0,6.6E0));
#485=LINE('',#484,#483);
#486=CARTESIAN_POINT('',(-2.5E0,3.95E0,6.5E-1));
#487=DIRECTION('',(0.E0,1.E0,0.E0));
#488=DIRECTION('',(1.E0,0.E0,0.E0));
#489=AXIS2_PLACEMENT_3D('',#486,#487,#488);
#491=DIRECTION('',(0.E0,0.E0,-1.E0));
#492=VECTOR('',#491,6.45E0);
#493=CARTESIAN_POINT('',(-3.05E0,3.95E0,7.1E0));
#494=LINE('',#493,#492);
#495=DIRECTION('',(1.E0,0.E0,0.E0));
#496=VECTOR('',#495,8.6E0);
#497=CARTESIAN_POINT('',(-4.55E0,3.95E0,-3.1E0));
#498=LINE('',#497,#496);
#499=DIRECTION('',(0.E0,0.E0,1.E0));
#500=VECTOR('',#499,1.E0);
#501=CARTESIAN_POINT('',(4.05E0,3.95E0,-3.1E0));
#502=LINE('',#501,#500);
#503=DIRECTION('',(0.E0,-1.E0,0.E0));
#504=VECTOR('',#503,4.5E-1);
#505=CARTESIAN_POINT('',(-3.05E0,3.95E0,7.1E0));
#506=LINE('',#505,#504);
#507=DIRECTION('',(0.E0,-1.E0,0.E0));
#508=VECTOR('',#507,4.5E-1);
#509=CARTESIAN_POINT('',(3.05E0,3.95E0,7.1E0));
#510=LINE('',#509,#508);
#511=DIRECTION('',(1.E0,0.E0,0.E0));
#512=VECTOR('',#511,1.5E0);
#513=CARTESIAN_POINT('',(3.05E0,3.95E0,7.1E0));
#514=LINE('',#513,#512);
#515=DIRECTION('',(1.E0,0.E0,0.E0));
#516=VECTOR('',#515,1.5E0);
#517=CARTESIAN_POINT('',(-4.55E0,3.95E0,7.1E0));
#518=LINE('',#517,#516);
#519=DIRECTION('',(1.E0,0.E0,0.E0));
#520=VECTOR('',#519,3.9E0);
#521=CARTESIAN_POINT('',(-1.95E0,3.8E0,7.1E0));
#522=LINE('',#521,#520);
#523=DIRECTION('',(0.E0,-1.E0,0.E0));
#524=VECTOR('',#523,4.5E-1);
#525=CARTESIAN_POINT('',(1.95E0,3.8E0,7.1E0));
#526=LINE('',#525,#524);
#527=DIRECTION('',(1.E0,0.E0,0.E0));
#528=VECTOR('',#527,3.9E0);
#529=CARTESIAN_POINT('',(-1.95E0,3.35E0,7.1E0));
#530=LINE('',#529,#528);
#531=DIRECTION('',(0.E0,-1.E0,0.E0));
#532=VECTOR('',#531,4.5E-1);
#533=CARTESIAN_POINT('',(-1.95E0,3.8E0,7.1E0));
#534=LINE('',#533,#532);
#535=DIRECTION('',(0.E0,-1.E0,0.E0));
#536=VECTOR('',#535,6.E-1);
#537=CARTESIAN_POINT('',(-3.05E0,3.95E0,6.5E-1));
#538=LINE('',#537,#536);
#539=DIRECTION('',(0.E0,-1.E0,0.E0));
#540=VECTOR('',#539,6.E-1);
#541=CARTESIAN_POINT('',(-1.95E0,3.95E0,6.5E-1));
#542=LINE('',#541,#540);
#543=DIRECTION('',(0.E0,2.873478855663E-1,-9.578262852212E-1));
#544=VECTOR('',#543,5.220153254455E-1);
#545=CARTESIAN_POINT('',(-1.95E0,3.8E0,7.1E0));
#546=LINE('',#545,#544);
#547=DIRECTION('',(1.E0,0.E0,0.E0));
#548=VECTOR('',#547,9.5E-1);
#549=CARTESIAN_POINT('',(-4.75E-1,3.95E0,6.6E0));
#550=LINE('',#549,#548);
#551=DIRECTION('',(1.E0,0.E0,0.E0));
#552=VECTOR('',#551,9.5E-1);
#553=CARTESIAN_POINT('',(-4.75E-1,3.95E0,6.6125E0));
#554=LINE('',#553,#552);
#555=DIRECTION('',(0.E0,1.E0,0.E0));
#556=VECTOR('',#555,6.5E-1);
#557=CARTESIAN_POINT('',(-4.75E-1,3.95E0,3.8E0));
#558=LINE('',#557,#556);
#559=DIRECTION('',(0.E0,0.E0,1.E0));
#560=VECTOR('',#559,7.E-1);
#561=CARTESIAN_POINT('',(-4.75E-1,4.6E0,3.8E0));
#562=LINE('',#561,#560);
#563=DIRECTION('',(0.E0,-2.940858488375E-1,9.557790087219E-1));
#564=VECTOR('',#563,2.210238957670E0);
#565=CARTESIAN_POINT('',(-4.75E-1,4.6E0,4.5E0));
#566=LINE('',#565,#564);
#567=DIRECTION('',(1.332267629550E-14,0.E0,-1.E0));
#568=VECTOR('',#567,1.25E-2);
#569=CARTESIAN_POINT('',(-4.75E-1,3.95E0,6.6125E0));
#570=LINE('',#569,#568);
#571=DIRECTION('',(0.E0,0.E0,-1.E0));
#572=VECTOR('',#571,1.25E-2);
#573=CARTESIAN_POINT('',(4.75E-1,3.95E0,6.6125E0));
#574=LINE('',#573,#572);
#575=DIRECTION('',(0.E0,-2.940858488375E-1,9.557790087219E-1));
#576=VECTOR('',#575,2.210238957670E0);
#577=CARTESIAN_POINT('',(4.75E-1,4.6E0,4.5E0));
#578=LINE('',#577,#576);
#579=DIRECTION('',(0.E0,0.E0,1.E0));
#580=VECTOR('',#579,7.E-1);
#581=CARTESIAN_POINT('',(4.75E-1,4.6E0,3.8E0));
#582=LINE('',#581,#580);
#583=DIRECTION('',(0.E0,1.E0,0.E0));
#584=VECTOR('',#583,6.5E-1);
#585=CARTESIAN_POINT('',(4.75E-1,3.95E0,3.8E0));
#586=LINE('',#585,#584);
#587=DIRECTION('',(1.E0,0.E0,0.E0));
#588=VECTOR('',#587,9.5E-1);
#589=CARTESIAN_POINT('',(-4.75E-1,4.6E0,4.5E0));
#590=LINE('',#589,#588);
#591=DIRECTION('',(1.E0,0.E0,0.E0));
#592=VECTOR('',#591,9.5E-1);
#593=CARTESIAN_POINT('',(-4.75E-1,4.6E0,3.8E0));
#594=LINE('',#593,#592);
#595=DIRECTION('',(0.E0,2.873478855663E-1,-9.578262852212E-1));
#596=VECTOR('',#595,5.220153254455E-1);
#597=CARTESIAN_POINT('',(1.95E0,3.8E0,7.1E0));
#598=LINE('',#597,#596);
#599=DIRECTION('',(0.E0,-1.E0,0.E0));
#600=VECTOR('',#599,6.E-1);
#601=CARTESIAN_POINT('',(1.95E0,3.95E0,9.5E-1));
#602=LINE('',#601,#600);
#603=DIRECTION('',(0.E0,-1.E0,0.E0));
#604=VECTOR('',#603,6.E-1);
#605=CARTESIAN_POINT('',(3.05E0,3.95E0,9.5E-1));
#606=LINE('',#605,#604);
#607=DIRECTION('',(1.E0,0.E0,0.E0));
#608=VECTOR('',#607,9.5E-1);
#609=CARTESIAN_POINT('',(3.05E0,3.5E0,7.1E0));
#610=LINE('',#609,#608);
#611=DIRECTION('',(-2.761723853695E-1,-2.761723853695E-1,-9.205746178983E-1));
#612=VECTOR('',#611,5.431390245600E-1);
#613=CARTESIAN_POINT('',(4.E0,3.5E0,7.1E0));
#614=LINE('',#613,#612);
#615=DIRECTION('',(1.E0,0.E0,0.E0));
#616=VECTOR('',#615,8.E-1);
#617=CARTESIAN_POINT('',(3.05E0,3.35E0,6.6E0));
#618=LINE('',#617,#616);
#619=DIRECTION('',(0.E0,-2.873478855663E-1,-9.578262852212E-1));
#620=VECTOR('',#619,5.220153254455E-1);
#621=CARTESIAN_POINT('',(3.05E0,3.5E0,7.1E0));
#622=LINE('',#621,#620);
#623=DIRECTION('',(0.E0,1.E0,0.E0));
#624=VECTOR('',#623,6.5E0);
#625=CARTESIAN_POINT('',(4.E0,-3.E0,7.1E0));
#626=LINE('',#625,#624);
#627=DIRECTION('',(-2.761723853695E-1,2.761723853695E-1,-9.205746178983E-1));
#628=VECTOR('',#627,5.431390245600E-1);
#629=CARTESIAN_POINT('',(4.E0,-3.E0,7.1E0));
#630=LINE('',#629,#628);
#631=DIRECTION('',(0.E0,1.E0,0.E0));
#632=VECTOR('',#631,6.2E0);
#633=CARTESIAN_POINT('',(3.85E0,-2.85E0,6.6E0));
#634=LINE('',#633,#632);
#635=DIRECTION('',(1.E0,0.E0,0.E0));
#636=VECTOR('',#635,8.E0);
#637=CARTESIAN_POINT('',(-4.E0,-3.E0,7.1E0));
#638=LINE('',#637,#636);
#639=DIRECTION('',(2.761723853695E-1,2.761723853695E-1,-9.205746178983E-1));
#640=VECTOR('',#639,5.431390245600E-1);
#641=CARTESIAN_POINT('',(-4.E0,-3.E0,7.1E0));
#642=LINE('',#641,#640);
#643=DIRECTION('',(1.E0,0.E0,0.E0));
#644=VECTOR('',#643,7.7E0);
#645=CARTESIAN_POINT('',(-3.85E0,-2.85E0,6.6E0));
#646=LINE('',#645,#644);
#647=DIRECTION('',(0.E0,1.E0,0.E0));
#648=VECTOR('',#647,6.5E0);
#649=CARTESIAN_POINT('',(-4.E0,-3.E0,7.1E0));
#650=LINE('',#649,#648);
#651=DIRECTION('',(2.761723853695E-1,-2.761723853695E-1,-9.205746178983E-1));
#652=VECTOR('',#651,5.431390245600E-1);
#653=CARTESIAN_POINT('',(-4.E0,3.5E0,7.1E0));
#654=LINE('',#653,#652);
#655=DIRECTION('',(0.E0,1.E0,0.E0));
#656=VECTOR('',#655,6.2E0);
#657=CARTESIAN_POINT('',(-3.85E0,-2.85E0,6.6E0));
#658=LINE('',#657,#656);
#659=DIRECTION('',(1.E0,0.E0,0.E0));
#660=VECTOR('',#659,9.5E-1);
#661=CARTESIAN_POINT('',(-4.E0,3.5E0,7.1E0));
#662=LINE('',#661,#660);
#663=DIRECTION('',(0.E0,-2.873478855663E-1,-9.578262852212E-1));
#664=VECTOR('',#663,5.220153254455E-1);
#665=CARTESIAN_POINT('',(-3.05E0,3.5E0,7.1E0));
#666=LINE('',#665,#664);
#667=DIRECTION('',(1.E0,0.E0,0.E0));
#668=VECTOR('',#667,8.E-1);
#669=CARTESIAN_POINT('',(-3.85E0,3.35E0,6.6E0));
#670=LINE('',#669,#668);
#671=DIRECTION('',(0.E0,0.E0,-1.E0));
#672=VECTOR('',#671,5.95E0);
#673=CARTESIAN_POINT('',(-3.05E0,3.35E0,6.6E0));
#674=LINE('',#673,#672);
#675=CARTESIAN_POINT('',(-2.5E0,3.35E0,6.5E-1));
#676=DIRECTION('',(0.E0,1.E0,0.E0));
#677=DIRECTION('',(1.E0,0.E0,1.312081756375E-14));
#678=AXIS2_PLACEMENT_3D('',#675,#676,#677);
#680=DIRECTION('',(0.E0,0.E0,-1.E0));
#681=VECTOR('',#680,6.45E0);
#682=CARTESIAN_POINT('',(-1.95E0,3.35E0,7.1E0));
#683=LINE('',#682,#681);
#684=DIRECTION('',(0.E0,0.E0,-1.E0));
#685=VECTOR('',#684,6.15E0);
#686=CARTESIAN_POINT('',(1.95E0,3.35E0,7.1E0));
#687=LINE('',#686,#685);
#688=CARTESIAN_POINT('',(2.5E0,3.35E0,9.5E-1));
#689=DIRECTION('',(0.E0,1.E0,0.E0));
#690=DIRECTION('',(1.E0,0.E0,0.E0));
#691=AXIS2_PLACEMENT_3D('',#688,#689,#690);
#693=DIRECTION('',(0.E0,0.E0,-1.E0));
#694=VECTOR('',#693,5.65E0);
#695=CARTESIAN_POINT('',(3.05E0,3.35E0,6.6E0));
#696=LINE('',#695,#694);
#697=DIRECTION('',(-1.E0,0.E0,0.E0));
#698=VECTOR('',#697,7.7E0);
#699=CARTESIAN_POINT('',(3.85E0,3.35E0,-4.E-1));
#700=LINE('',#699,#698);
#701=DIRECTION('',(0.E0,0.E0,-1.E0));
#702=VECTOR('',#701,6.8E0);
#703=CARTESIAN_POINT('',(3.85E0,-2.85E0,6.6E0));
#704=LINE('',#703,#702);
#705=DIRECTION('',(0.E0,1.E0,0.E0));
#706=VECTOR('',#705,4.9E0);
#707=CARTESIAN_POINT('',(3.85E0,-2.85E0,-2.E-1));
#708=LINE('',#707,#706);
#709=DIRECTION('',(0.E0,0.E0,-1.E0));
#710=VECTOR('',#709,2.E-1);
#711=CARTESIAN_POINT('',(3.85E0,2.05E0,-2.E-1));
#712=LINE('',#711,#710);
#713=DIRECTION('',(0.E0,1.E0,0.E0));
#714=VECTOR('',#713,1.3E0);
#715=CARTESIAN_POINT('',(3.85E0,2.05E0,-4.E-1));
#716=LINE('',#715,#714);
#717=DIRECTION('',(0.E0,0.E0,1.E0));
#718=VECTOR('',#717,7.E0);
#719=CARTESIAN_POINT('',(3.85E0,3.35E0,-4.E-1));
#720=LINE('',#719,#718);
#721=DIRECTION('',(0.E0,0.E0,1.E0));
#722=VECTOR('',#721,7.E0);
#723=CARTESIAN_POINT('',(-3.85E0,3.35E0,-4.E-1));
#724=LINE('',#723,#722);
#725=DIRECTION('',(0.E0,1.E0,0.E0));
#726=VECTOR('',#725,1.3E0);
#727=CARTESIAN_POINT('',(-3.85E0,2.05E0,-4.E-1));
#728=LINE('',#727,#726);
#729=DIRECTION('',(0.E0,0.E0,-1.E0));
#730=VECTOR('',#729,2.E-1);
#731=CARTESIAN_POINT('',(-3.85E0,2.05E0,-2.E-1));
#732=LINE('',#731,#730);
#733=DIRECTION('',(0.E0,1.E0,0.E0));
#734=VECTOR('',#733,4.9E0);
#735=CARTESIAN_POINT('',(-3.85E0,-2.85E0,-2.E-1));
#736=LINE('',#735,#734);
#737=DIRECTION('',(0.E0,0.E0,-1.E0));
#738=VECTOR('',#737,6.8E0);
#739=CARTESIAN_POINT('',(-3.85E0,-2.85E0,6.6E0));
#740=LINE('',#739,#738);
#741=DIRECTION('',(-1.E0,0.E0,0.E0));
#742=VECTOR('',#741,1.6E0);
#743=CARTESIAN_POINT('',(8.E-1,2.05E0,-4.E-1));
#744=LINE('',#743,#742);
#745=DIRECTION('',(-1.E0,0.E0,0.E0));
#746=VECTOR('',#745,1.15E0);
#747=CARTESIAN_POINT('',(-2.7E0,2.05E0,-4.E-1));
#748=LINE('',#747,#746);
#749=DIRECTION('',(-1.E0,0.E0,0.E0));
#750=VECTOR('',#749,1.15E0);
#751=CARTESIAN_POINT('',(3.85E0,2.05E0,-4.E-1));
#752=LINE('',#751,#750);
#753=DIRECTION('',(0.E0,1.E0,0.E0));
#754=VECTOR('',#753,7.E-1);
#755=CARTESIAN_POINT('',(2.7E0,2.05E0,-4.E-1));
#756=LINE('',#755,#754);
#757=DIRECTION('',(-7.071067811865E-1,0.E0,-7.071067811865E-1));
#758=VECTOR('',#757,2.828427124746E-1);
#759=CARTESIAN_POINT('',(2.7E0,2.05E0,-4.E-1));
#760=LINE('',#759,#758);
#761=DIRECTION('',(0.E0,1.E0,0.E0));
#762=VECTOR('',#761,5.E-1);
#763=CARTESIAN_POINT('',(2.5E0,2.05E0,-6.E-1));
#764=LINE('',#763,#762);
#765=DIRECTION('',(-5.773502691896E-1,-5.773502691896E-1,-5.773502691896E-1));
#766=VECTOR('',#765,3.464101615138E-1);
#767=CARTESIAN_POINT('',(2.7E0,2.75E0,-4.E-1));
#768=LINE('',#767,#766);
#769=DIRECTION('',(-1.E0,0.E0,0.E0));
#770=VECTOR('',#769,1.15E0);
#771=CARTESIAN_POINT('',(-2.7E0,2.05E0,-2.E-1));
#772=LINE('',#771,#770);
#773=DIRECTION('',(-1.E0,0.E0,0.E0));
#774=VECTOR('',#773,1.15E0);
#775=CARTESIAN_POINT('',(3.85E0,2.05E0,-2.E-1));
#776=LINE('',#775,#774);
#777=DIRECTION('',(-1.E0,0.E0,0.E0));
#778=VECTOR('',#777,1.6E0);
#779=CARTESIAN_POINT('',(8.E-1,2.05E0,-2.E-1));
#780=LINE('',#779,#778);
#781=DIRECTION('',(0.E0,-1.E0,0.E0));
#782=VECTOR('',#781,2.2E0);
#783=CARTESIAN_POINT('',(-2.7E0,2.05E0,-2.E-1));
#784=LINE('',#783,#782);
#785=DIRECTION('',(7.071067811865E-1,0.E0,-7.071067811865E-1));
#786=VECTOR('',#785,2.828427124746E-1);
#787=CARTESIAN_POINT('',(-2.7E0,2.05E0,-2.E-1));
#788=LINE('',#787,#786);
#789=DIRECTION('',(0.E0,-1.E0,0.E0));
#790=VECTOR('',#789,2.E0);
#791=CARTESIAN_POINT('',(-2.5E0,2.05E0,-4.E-1));
#792=LINE('',#791,#790);
#793=DIRECTION('',(-1.E0,0.E0,0.E0));
#794=VECTOR('',#793,7.7E0);
#795=CARTESIAN_POINT('',(3.85E0,-2.85E0,-2.E-1));
#796=LINE('',#795,#794);
#797=DIRECTION('',(0.E0,-1.E0,0.E0));
#798=VECTOR('',#797,2.2E0);
#799=CARTESIAN_POINT('',(2.7E0,2.05E0,-2.E-1));
#800=LINE('',#799,#798);
#801=DIRECTION('',(-5.773502691896E-1,5.773502691896E-1,-5.773502691896E-1));
#802=VECTOR('',#801,3.464101615138E-1);
#803=CARTESIAN_POINT('',(2.7E0,-1.5E-1,-2.E-1));
#804=LINE('',#803,#802);
#805=DIRECTION('',(0.E0,-1.E0,0.E0));
#806=VECTOR('',#805,2.E0);
#807=CARTESIAN_POINT('',(2.5E0,2.05E0,-4.E-1));
#808=LINE('',#807,#806);
#809=DIRECTION('',(-7.071067811865E-1,0.E0,-7.071067811865E-1));
#810=VECTOR('',#809,2.828427124746E-1);
#811=CARTESIAN_POINT('',(2.7E0,2.05E0,-2.E-1));
#812=LINE('',#811,#810);
#813=DIRECTION('',(1.E0,0.E0,0.E0));
#814=VECTOR('',#813,1.9E0);
#815=CARTESIAN_POINT('',(8.E-1,-1.5E-1,-2.E-1));
#816=LINE('',#815,#814);
#817=DIRECTION('',(5.773502691896E-1,5.773502691896E-1,-5.773502691896E-1));
#818=VECTOR('',#817,3.464101615138E-1);
#819=CARTESIAN_POINT('',(8.E-1,-1.5E-1,-2.E-1));
#820=LINE('',#819,#818);
#821=DIRECTION('',(1.E0,0.E0,0.E0));
#822=VECTOR('',#821,1.5E0);
#823=CARTESIAN_POINT('',(1.E0,5.E-2,-4.E-1));
#824=LINE('',#823,#822);
#825=DIRECTION('',(0.E0,-1.E0,0.E0));
#826=VECTOR('',#825,2.2E0);
#827=CARTESIAN_POINT('',(8.E-1,2.05E0,-2.E-1));
#828=LINE('',#827,#826);
#829=DIRECTION('',(7.071067811865E-1,0.E0,-7.071067811865E-1));
#830=VECTOR('',#829,2.828427124746E-1);
#831=CARTESIAN_POINT('',(8.E-1,2.05E0,-2.E-1));
#832=LINE('',#831,#830);
#833=DIRECTION('',(0.E0,-1.E0,0.E0));
#834=VECTOR('',#833,2.E0);
#835=CARTESIAN_POINT('',(1.E0,2.05E0,-4.E-1));
#836=LINE('',#835,#834);
#837=DIRECTION('',(0.E0,0.E0,1.E0));
#838=VECTOR('',#837,2.E0);
#839=CARTESIAN_POINT('',(1.E0,-3.65E0,-5.1E0));
#840=LINE('',#839,#838);
#841=DIRECTION('',(0.E0,-5.547001962252E-1,-8.320502943378E-1));
#842=VECTOR('',#841,1.081665382639E0);
#843=CARTESIAN_POINT('',(1.E0,5.E-2,-2.2E0));
#844=LINE('',#843,#842);
#845=DIRECTION('',(0.E0,0.E0,-1.E0));
#846=VECTOR('',#845,1.8E0);
#847=CARTESIAN_POINT('',(1.E0,5.E-2,-4.E-1));
#848=LINE('',#847,#846);
#849=DIRECTION('',(0.E0,0.E0,-1.E0));
#850=VECTOR('',#849,2.E-1);
#851=CARTESIAN_POINT('',(1.E0,2.05E0,-4.E-1));
#852=LINE('',#851,#850);
#853=DIRECTION('',(0.E0,0.E0,1.E0));
#854=VECTOR('',#853,2.5E0);
#855=CARTESIAN_POINT('',(1.E0,2.55E0,-3.1E0));
#856=LINE('',#855,#854);
#857=DIRECTION('',(0.E0,-1.E0,0.E0));
#858=VECTOR('',#857,4.6E0);
#859=CARTESIAN_POINT('',(1.E0,9.5E-1,-5.1E0));
#860=LINE('',#859,#858);
#861=DIRECTION('',(-1.E0,0.E0,0.E0));
#862=VECTOR('',#861,1.5E0);
#863=CARTESIAN_POINT('',(2.5E0,5.E-2,-2.2E0));
#864=LINE('',#863,#862);
#865=DIRECTION('',(0.E0,0.E0,-1.E0));
#866=VECTOR('',#865,2.E0);
#867=CARTESIAN_POINT('',(2.5E0,-3.65E0,-3.1E0));
#868=LINE('',#867,#866);
#869=DIRECTION('',(0.E0,0.E0,1.E0));
#870=VECTOR('',#869,2.5E0);
#871=CARTESIAN_POINT('',(2.5E0,2.55E0,-3.1E0));
#872=LINE('',#871,#870);
#873=DIRECTION('',(0.E0,0.E0,-1.E0));
#874=VECTOR('',#873,2.E-1);
#875=CARTESIAN_POINT('',(2.5E0,2.05E0,-4.E-1));
#876=LINE('',#875,#874);
#877=DIRECTION('',(0.E0,0.E0,-1.E0));
#878=VECTOR('',#877,1.8E0);
#879=CARTESIAN_POINT('',(2.5E0,5.E-2,-4.E-1));
#880=LINE('',#879,#878);
#881=DIRECTION('',(0.E0,-5.547001962252E-1,-8.320502943378E-1));
#882=VECTOR('',#881,1.081665382639E0);
#883=CARTESIAN_POINT('',(2.5E0,5.E-2,-2.2E0));
#884=LINE('',#883,#882);
#885=DIRECTION('',(0.E0,-1.E0,0.E0));
#886=VECTOR('',#885,3.1E0);
#887=CARTESIAN_POINT('',(2.5E0,-5.5E-1,-3.1E0));
#888=LINE('',#887,#886);
#889=DIRECTION('',(0.E0,0.E0,1.E0));
#890=VECTOR('',#889,1.75E0);
#891=CARTESIAN_POINT('',(1.15E0,2.55E0,-2.7E0));
#892=LINE('',#891,#890);
#893=DIRECTION('',(1.E0,0.E0,0.E0));
#894=VECTOR('',#893,1.2E0);
#895=CARTESIAN_POINT('',(1.15E0,2.55E0,-2.7E0));
#896=LINE('',#895,#894);
#897=DIRECTION('',(0.E0,0.E0,1.E0));
#898=VECTOR('',#897,1.75E0);
#899=CARTESIAN_POINT('',(2.35E0,2.55E0,-2.7E0));
#900=LINE('',#899,#898);
#901=DIRECTION('',(1.E0,0.E0,0.E0));
#902=VECTOR('',#901,1.2E0);
#903=CARTESIAN_POINT('',(1.15E0,2.55E0,-9.5E-1));
#904=LINE('',#903,#902);
#905=DIRECTION('',(1.E0,0.E0,0.E0));
#906=VECTOR('',#905,1.9E0);
#907=CARTESIAN_POINT('',(8.E-1,2.75E0,-4.E-1));
#908=LINE('',#907,#906);
#909=DIRECTION('',(1.E0,0.E0,0.E0));
#910=VECTOR('',#909,1.5E0);
#911=CARTESIAN_POINT('',(1.E0,2.55E0,-6.E-1));
#912=LINE('',#911,#910);
#913=DIRECTION('',(5.773502691896E-1,-5.773502691896E-1,-5.773502691896E-1));
#914=VECTOR('',#913,3.464101615138E-1);
#915=CARTESIAN_POINT('',(8.E-1,2.75E0,-4.E-1));
#916=LINE('',#915,#914);
#917=DIRECTION('',(0.E0,1.E0,0.E0));
#918=VECTOR('',#917,7.E-1);
#919=CARTESIAN_POINT('',(8.E-1,2.05E0,-4.E-1));
#920=LINE('',#919,#918);
#921=DIRECTION('',(0.E0,1.E0,0.E0));
#922=VECTOR('',#921,5.E-1);
#923=CARTESIAN_POINT('',(1.E0,2.05E0,-6.E-1));
#924=LINE('',#923,#922);
#925=DIRECTION('',(7.071067811865E-1,0.E0,-7.071067811865E-1));
#926=VECTOR('',#925,2.828427124746E-1);
#927=CARTESIAN_POINT('',(8.E-1,2.05E0,-4.E-1));
#928=LINE('',#927,#926);
#929=DIRECTION('',(0.E0,0.E0,1.E0));
#930=VECTOR('',#929,5.E-1);
#931=CARTESIAN_POINT('',(1.15E0,-4.95E0,-4.4E0));
#932=LINE('',#931,#930);
#933=DIRECTION('',(0.E0,1.E0,0.E0));
#934=VECTOR('',#933,4.4E0);
#935=CARTESIAN_POINT('',(1.15E0,-4.95E0,-4.4E0));
#936=LINE('',#935,#934);
#937=CARTESIAN_POINT('',(1.15E0,-5.5E-1,-2.9E0));
#938=DIRECTION('',(1.E0,0.E0,0.E0));
#939=DIRECTION('',(0.E0,0.E0,-1.E0));
#940=AXIS2_PLACEMENT_3D('',#937,#938,#939);
#942=DIRECTION('',(0.E0,0.E0,1.E0));
#943=VECTOR('',#942,2.E-1);
#944=CARTESIAN_POINT('',(1.15E0,9.5E-1,-2.9E0));
#945=LINE('',#944,#943);
#946=DIRECTION('',(0.E0,1.E0,0.E0));
#947=VECTOR('',#946,1.6E0);
#948=CARTESIAN_POINT('',(1.15E0,9.5E-1,-2.7E0));
#949=LINE('',#948,#947);
#950=DIRECTION('',(0.E0,-1.E0,0.E0));
#951=VECTOR('',#950,6.25E-1);
#952=CARTESIAN_POINT('',(1.15E0,2.55E0,-9.5E-1));
#953=LINE('',#952,#951);
#954=DIRECTION('',(0.E0,0.E0,1.E0));
#955=VECTOR('',#954,7.E-1);
#956=CARTESIAN_POINT('',(1.15E0,1.925E0,-9.5E-1));
#957=LINE('',#956,#955);
#958=DIRECTION('',(0.E0,3.846153846154E-1,9.230769230769E-1));
#959=VECTOR('',#958,3.25E-1);
#960=CARTESIAN_POINT('',(1.15E0,1.925E0,-2.5E-1));
#961=LINE('',#960,#959);
#962=DIRECTION('',(0.E0,0.E0,1.E0));
#963=VECTOR('',#962,4.75E0);
#964=CARTESIAN_POINT('',(1.15E0,2.05E0,5.E-2));
#965=LINE('',#964,#963);
#966=DIRECTION('',(0.E0,-8.593484709627E-1,5.113904628111E-1));
#967=VECTOR('',#966,6.400197575075E-1);
#968=CARTESIAN_POINT('',(1.15E0,2.05E0,4.8E0));
#969=LINE('',#968,#967);
#970=DIRECTION('',(0.E0,-8.593484709627E-1,-5.113904628111E-1));
#971=VECTOR('',#970,6.400197575075E-1);
#972=CARTESIAN_POINT('',(1.15E0,1.5E0,5.1273E0));
#973=LINE('',#972,#971);
#974=DIRECTION('',(0.E0,0.E0,-1.E0));
#975=VECTOR('',#974,4.5E0);
#976=CARTESIAN_POINT('',(1.15E0,9.5E-1,4.8E0));
#977=LINE('',#976,#975);
#978=DIRECTION('',(0.E0,-4.392101320049E-1,-8.983843609192E-1));
#979=VECTOR('',#978,1.001798382909E0);
#980=CARTESIAN_POINT('',(1.15E0,9.5E-1,3.E-1));
#981=LINE('',#980,#979);
#982=DIRECTION('',(0.E0,0.E0,-1.E0));
#983=VECTOR('',#982,2.5E0);
#984=CARTESIAN_POINT('',(1.15E0,5.1E-1,-6.E-1));
#985=LINE('',#984,#983);
#986=CARTESIAN_POINT('',(1.15E0,-2.9E-1,-3.1E0));
#987=DIRECTION('',(-1.E0,0.E0,0.E0));
#988=DIRECTION('',(0.E0,1.E0,0.E0));
#989=AXIS2_PLACEMENT_3D('',#986,#987,#988);
#991=DIRECTION('',(0.E0,-1.E0,0.E0));
#992=VECTOR('',#991,4.66E0);
#993=CARTESIAN_POINT('',(1.15E0,-2.9E-1,-3.9E0));
#994=LINE('',#993,#992);
#995=DIRECTION('',(0.E0,0.E0,-1.E0));
#996=VECTOR('',#995,5.175E-1);
#997=CARTESIAN_POINT('',(1.25E0,-5.125E0,-3.9E0));
#998=LINE('',#997,#996);
#999=DIRECTION('',(-1.424899484463E-1,9.897962490289E-1,0.E0));
#1000=VECTOR('',#999,1.965050889926E0);
#1001=CARTESIAN_POINT('',(1.53E0,-7.45E0,-3.9E0));
#1002=LINE('',#1001,#1000);
#1003=DIRECTION('',(0.E0,1.E0,0.E0));
#1004=VECTOR('',#1003,3.8E-1);
#1005=CARTESIAN_POINT('',(1.25E0,-5.505E0,-3.9E0));
#1006=LINE('',#1005,#1004);
#1007=DIRECTION('',(-4.961389383568E-1,8.682431421245E-1,0.E0));
#1008=VECTOR('',#1007,2.015564437075E-1);
#1009=CARTESIAN_POINT('',(1.25E0,-5.125E0,-3.9E0));
#1010=LINE('',#1009,#1008);
#1011=DIRECTION('',(1.E0,0.E0,0.E0));
#1012=VECTOR('',#1011,1.2E0);
#1013=CARTESIAN_POINT('',(1.15E0,-2.9E-1,-3.9E0));
#1014=LINE('',#1013,#1012);
#1015=DIRECTION('',(-4.961389383568E-1,-8.682431421245E-1,0.E0));
#1016=VECTOR('',#1015,2.015564437075E-1);
#1017=CARTESIAN_POINT('',(2.35E0,-4.95E0,-3.9E0));
#1018=LINE('',#1017,#1016);
#1019=DIRECTION('',(0.E0,-1.E0,0.E0));
#1020=VECTOR('',#1019,3.8E-1);
#1021=CARTESIAN_POINT('',(2.25E0,-5.125E0,-3.9E0));
#1022=LINE('',#1021,#1020);
#1023=DIRECTION('',(-1.424899484463E-1,-9.897962490289E-1,0.E0));
#1024=VECTOR('',#1023,1.965050889926E0);
#1025=CARTESIAN_POINT('',(2.25E0,-5.505E0,-3.9E0));
#1026=LINE('',#1025,#1024);
#1027=DIRECTION('',(0.E0,0.E0,-1.E0));
#1028=VECTOR('',#1027,2.5E-1);
#1029=CARTESIAN_POINT('',(1.53E0,-7.45E0,-3.9E0));
#1030=LINE('',#1029,#1028);
#1031=DIRECTION('',(1.E0,0.E0,0.E0));
#1032=VECTOR('',#1031,4.4E-1);
#1033=CARTESIAN_POINT('',(1.53E0,-7.45E0,-3.9E0));
#1034=LINE('',#1033,#1032);
#1035=DIRECTION('',(0.E0,0.E0,-1.E0));
#1036=VECTOR('',#1035,2.5E-1);
#1037=CARTESIAN_POINT('',(1.97E0,-7.45E0,-3.9E0));
#1038=LINE('',#1037,#1036);
#1039=DIRECTION('',(0.E0,0.E0,-1.E0));
#1040=VECTOR('',#1039,5.555E-1);
#1041=CARTESIAN_POINT('',(2.25E0,-5.505E0,-3.9E0));
#1042=LINE('',#1041,#1040);
#1043=DIRECTION('',(0.E0,0.E0,-1.E0));
#1044=VECTOR('',#1043,5.175E-1);
#1045=CARTESIAN_POINT('',(2.25E0,-5.125E0,-3.9E0));
#1046=LINE('',#1045,#1044);
#1047=DIRECTION('',(0.E0,0.E0,1.E0));
#1048=VECTOR('',#1047,5.E-1);
#1049=CARTESIAN_POINT('',(2.35E0,-4.95E0,-4.4E0));
#1050=LINE('',#1049,#1048);
#1051=DIRECTION('',(0.E0,-1.E0,0.E0));
#1052=VECTOR('',#1051,4.66E0);
#1053=CARTESIAN_POINT('',(2.35E0,-2.9E-1,-3.9E0));
#1054=LINE('',#1053,#1052);
#1055=CARTESIAN_POINT('',(2.35E0,-2.9E-1,-3.1E0));
#1056=DIRECTION('',(-1.E0,0.E0,0.E0));
#1057=DIRECTION('',(0.E0,1.E0,0.E0));
#1058=AXIS2_PLACEMENT_3D('',#1055,#1056,#1057);
#1060=DIRECTION('',(0.E0,0.E0,-1.E0));
#1061=VECTOR('',#1060,2.5E0);
#1062=CARTESIAN_POINT('',(2.35E0,5.1E-1,-6.E-1));
#1063=LINE('',#1062,#1061);
#1064=DIRECTION('',(0.E0,-4.392101320049E-1,-8.983843609192E-1));
#1065=VECTOR('',#1064,1.001798382909E0);
#1066=CARTESIAN_POINT('',(2.35E0,9.5E-1,3.E-1));
#1067=LINE('',#1066,#1065);
#1068=DIRECTION('',(0.E0,0.E0,-1.E0));
#1069=VECTOR('',#1068,4.5E0);
#1070=CARTESIAN_POINT('',(2.35E0,9.5E-1,4.8E0));
#1071=LINE('',#1070,#1069);
#1072=DIRECTION('',(0.E0,-8.593484709627E-1,-5.113904628111E-1));
#1073=VECTOR('',#1072,6.400197575075E-1);
#1074=CARTESIAN_POINT('',(2.35E0,1.5E0,5.1273E0));
#1075=LINE('',#1074,#1073);
#1076=DIRECTION('',(0.E0,-8.593484709627E-1,5.113904628111E-1));
#1077=VECTOR('',#1076,6.400197575075E-1);
#1078=CARTESIAN_POINT('',(2.35E0,2.05E0,4.8E0));
#1079=LINE('',#1078,#1077);
#1080=DIRECTION('',(0.E0,0.E0,1.E0));
#1081=VECTOR('',#1080,4.75E0);
#1082=CARTESIAN_POINT('',(2.35E0,2.05E0,5.E-2));
#1083=LINE('',#1082,#1081);
#1084=DIRECTION('',(0.E0,3.846153846154E-1,9.230769230769E-1));
#1085=VECTOR('',#1084,3.25E-1);
#1086=CARTESIAN_POINT('',(2.35E0,1.925E0,-2.5E-1));
#1087=LINE('',#1086,#1085);
#1088=DIRECTION('',(0.E0,0.E0,1.E0));
#1089=VECTOR('',#1088,7.E-1);
#1090=CARTESIAN_POINT('',(2.35E0,1.925E0,-9.5E-1));
#1091=LINE('',#1090,#1089);
#1092=DIRECTION('',(0.E0,-1.E0,0.E0));
#1093=VECTOR('',#1092,6.25E-1);
#1094=CARTESIAN_POINT('',(2.35E0,2.55E0,-9.5E-1));
#1095=LINE('',#1094,#1093);
#1096=DIRECTION('',(0.E0,1.E0,0.E0));
#1097=VECTOR('',#1096,1.6E0);
#1098=CARTESIAN_POINT('',(2.35E0,9.5E-1,-2.7E0));
#1099=LINE('',#1098,#1097);
#1100=DIRECTION('',(0.E0,0.E0,1.E0));
#1101=VECTOR('',#1100,2.E-1);
#1102=CARTESIAN_POINT('',(2.35E0,9.5E-1,-2.9E0));
#1103=LINE('',#1102,#1101);
#1104=CARTESIAN_POINT('',(2.35E0,-5.5E-1,-2.9E0));
#1105=DIRECTION('',(1.E0,0.E0,0.E0));
#1106=DIRECTION('',(0.E0,0.E0,-1.E0));
#1107=AXIS2_PLACEMENT_3D('',#1104,#1105,#1106);
#1109=DIRECTION('',(0.E0,1.E0,0.E0));
#1110=VECTOR('',#1109,4.4E0);
#1111=CARTESIAN_POINT('',(2.35E0,-4.95E0,-4.4E0));
#1112=LINE('',#1111,#1110);
#1113=DIRECTION('',(1.E0,0.E0,0.E0));
#1114=VECTOR('',#1113,1.2E0);
#1115=CARTESIAN_POINT('',(1.15E0,5.1E-1,-3.1E0));
#1116=LINE('',#1115,#1114);
#1117=DIRECTION('',(1.E0,0.E0,0.E0));
#1118=VECTOR('',#1117,1.2E0);
#1119=CARTESIAN_POINT('',(1.15E0,5.1E-1,-6.E-1));
#1120=LINE('',#1119,#1118);
#1121=DIRECTION('',(1.E0,0.E0,0.E0));
#1122=VECTOR('',#1121,1.2E0);
#1123=CARTESIAN_POINT('',(1.15E0,9.5E-1,3.E-1));
#1124=LINE('',#1123,#1122);
#1125=DIRECTION('',(1.E0,0.E0,0.E0));
#1126=VECTOR('',#1125,1.2E0);
#1127=CARTESIAN_POINT('',(1.15E0,9.5E-1,4.8E0));
#1128=LINE('',#1127,#1126);
#1129=DIRECTION('',(1.E0,0.E0,0.E0));
#1130=VECTOR('',#1129,1.2E0);
#1131=CARTESIAN_POINT('',(1.15E0,1.5E0,5.1273E0));
#1132=LINE('',#1131,#1130);
#1133=DIRECTION('',(1.E0,0.E0,0.E0));
#1134=VECTOR('',#1133,1.2E0);
#1135=CARTESIAN_POINT('',(1.15E0,2.05E0,4.8E0));
#1136=LINE('',#1135,#1134);
#1137=DIRECTION('',(1.E0,0.E0,0.E0));
#1138=VECTOR('',#1137,1.2E0);
#1139=CARTESIAN_POINT('',(1.15E0,2.05E0,5.E-2));
#1140=LINE('',#1139,#1138);
#1141=DIRECTION('',(1.E0,0.E0,0.E0));
#1142=VECTOR('',#1141,1.2E0);
#1143=CARTESIAN_POINT('',(1.15E0,1.925E0,-2.5E-1));
#1144=LINE('',#1143,#1142);
#1145=DIRECTION('',(1.E0,0.E0,0.E0));
#1146=VECTOR('',#1145,1.2E0);
#1147=CARTESIAN_POINT('',(1.15E0,1.925E0,-9.5E-1));
#1148=LINE('',#1147,#1146);
#1149=DIRECTION('',(1.E0,0.E0,0.E0));
#1150=VECTOR('',#1149,1.2E0);
#1151=CARTESIAN_POINT('',(1.15E0,9.5E-1,-2.7E0));
#1152=LINE('',#1151,#1150);
#1153=DIRECTION('',(1.E0,0.E0,0.E0));
#1154=VECTOR('',#1153,1.2E0);
#1155=CARTESIAN_POINT('',(1.15E0,9.5E-1,-2.9E0));
#1156=LINE('',#1155,#1154);
#1157=DIRECTION('',(1.E0,0.E0,0.E0));
#1158=VECTOR('',#1157,1.2E0);
#1159=CARTESIAN_POINT('',(1.15E0,-5.5E-1,-4.4E0));
#1160=LINE('',#1159,#1158);
#1161=DIRECTION('',(1.E0,0.E0,0.E0));
#1162=VECTOR('',#1161,1.2E0);
#1163=CARTESIAN_POINT('',(1.15E0,-4.95E0,-4.4E0));
#1164=LINE('',#1163,#1162);
#1165=DIRECTION('',(-1.417970509296E-1,9.849830859219E-1,9.849830859218E-2));
#1166=VECTOR('',#1165,4.517844076312E-1);
#1167=CARTESIAN_POINT('',(1.314061696658E0,-5.95E0,-4.5E0));
#1168=LINE('',#1167,#1166);
#1169=DIRECTION('',(1.E0,0.E0,0.E0));
#1170=VECTOR('',#1169,8.718766066838E-1);
#1171=CARTESIAN_POINT('',(1.314061696658E0,-5.95E0,-4.5E0));
#1172=LINE('',#1171,#1170);
#1173=DIRECTION('',(1.417970509296E-1,9.849830859219E-1,9.849830859218E-2));
#1174=VECTOR('',#1173,4.517844076312E-1);
#1175=CARTESIAN_POINT('',(2.185938303342E0,-5.95E0,-4.5E0));
#1176=LINE('',#1175,#1174);
#1177=DIRECTION('',(0.E0,-9.950371902100E-1,-9.950371902100E-2));
#1178=VECTOR('',#1177,3.818952736026E-1);
#1179=CARTESIAN_POINT('',(2.25E0,-5.125E0,-4.4175E0));
#1180=LINE('',#1179,#1178);
#1181=DIRECTION('',(-4.942793832630E-1,-8.649889207103E-1,-8.649889207103E-2));
#1182=VECTOR('',#1181,2.023147300618E-1);
#1183=CARTESIAN_POINT('',(2.35E0,-4.95E0,-4.4E0));
#1184=LINE('',#1183,#1182);
#1185=DIRECTION('',(-4.942793832630E-1,8.649889207103E-1,8.649889207103E-2));
#1186=VECTOR('',#1185,2.023147300619E-1);
#1187=CARTESIAN_POINT('',(1.25E0,-5.125E0,-4.4175E0));
#1188=LINE('',#1187,#1186);
#1189=DIRECTION('',(0.E0,9.950371902100E-1,9.950371902100E-2));
#1190=VECTOR('',#1189,3.818952736026E-1);
#1191=CARTESIAN_POINT('',(1.25E0,-5.505E0,-4.4555E0));
#1192=LINE('',#1191,#1190);
#1193=DIRECTION('',(-1.388353755504E-1,9.644100194484E-1,-2.250290045380E-1));
#1194=VECTOR('',#1193,1.555355056201E0);
#1195=CARTESIAN_POINT('',(1.53E0,-7.45E0,-4.15E0));
#1196=LINE('',#1195,#1194);
#1197=DIRECTION('',(1.E0,0.E0,0.E0));
#1198=VECTOR('',#1197,4.4E-1);
#1199=CARTESIAN_POINT('',(1.53E0,-7.45E0,-4.15E0));
#1200=LINE('',#1199,#1198);
#1201=DIRECTION('',(1.388353755504E-1,9.644100194484E-1,-2.250290045380E-1));
#1202=VECTOR('',#1201,1.555355056201E0);
#1203=CARTESIAN_POINT('',(1.97E0,-7.45E0,-4.15E0));
#1204=LINE('',#1203,#1202);
#1205=DIRECTION('',(0.E0,0.E0,-1.E0));
#1206=VECTOR('',#1205,5.555E-1);
#1207=CARTESIAN_POINT('',(1.25E0,-5.505E0,-3.9E0));
#1208=LINE('',#1207,#1206);
#1209=DIRECTION('',(1.E0,0.E0,-2.131628207280E-14));
#1210=VECTOR('',#1209,2.5E-1);
#1211=CARTESIAN_POINT('',(7.5E-1,-3.65E0,-5.1E0));
#1212=LINE('',#1211,#1210);
#1213=DIRECTION('',(0.E0,1.E0,0.E0));
#1214=VECTOR('',#1213,4.6E0);
#1215=CARTESIAN_POINT('',(7.5E-1,-3.65E0,-5.1E0));
#1216=LINE('',#1215,#1214);
#1217=DIRECTION('',(0.E0,1.E0,-2.072416312634E-14));
#1218=VECTOR('',#1217,3.E-1);
#1219=CARTESIAN_POINT('',(7.5E-1,-3.95E0,-5.1E0));
#1220=LINE('',#1219,#1218);
#1221=DIRECTION('',(1.E0,0.E0,0.E0));
#1222=VECTOR('',#1221,1.9E0);
#1223=CARTESIAN_POINT('',(-2.7E0,-1.5E-1,-2.E-1));
#1224=LINE('',#1223,#1222);
#1225=DIRECTION('',(5.773502691896E-1,5.773502691896E-1,-5.773502691896E-1));
#1226=VECTOR('',#1225,3.464101615138E-1);
#1227=CARTESIAN_POINT('',(-2.7E0,-1.5E-1,-2.E-1));
#1228=LINE('',#1227,#1226);
#1229=DIRECTION('',(1.E0,0.E0,0.E0));
#1230=VECTOR('',#1229,1.5E0);
#1231=CARTESIAN_POINT('',(-2.5E0,5.E-2,-4.E-1));
#1232=LINE('',#1231,#1230);
#1233=DIRECTION('',(-1.E0,0.E0,0.E0));
#1234=VECTOR('',#1233,1.5E0);
#1235=CARTESIAN_POINT('',(-1.E0,5.E-2,-2.2E0));
#1236=LINE('',#1235,#1234);
#1237=DIRECTION('',(0.E0,-1.E0,0.E0));
#1238=VECTOR('',#1237,2.2E0);
#1239=CARTESIAN_POINT('',(-8.E-1,2.05E0,-2.E-1));
#1240=LINE('',#1239,#1238);
#1241=DIRECTION('',(-5.773502691896E-1,5.773502691896E-1,-5.773502691896E-1));
#1242=VECTOR('',#1241,3.464101615138E-1);
#1243=CARTESIAN_POINT('',(-8.E-1,-1.5E-1,-2.E-1));
#1244=LINE('',#1243,#1242);
#1245=DIRECTION('',(0.E0,-1.E0,0.E0));
#1246=VECTOR('',#1245,2.E0);
#1247=CARTESIAN_POINT('',(-1.E0,2.05E0,-4.E-1));
#1248=LINE('',#1247,#1246);
#1249=DIRECTION('',(-7.071067811865E-1,0.E0,-7.071067811865E-1));
#1250=VECTOR('',#1249,2.828427124746E-1);
#1251=CARTESIAN_POINT('',(-8.E-1,2.05E0,-2.E-1));
#1252=LINE('',#1251,#1250);
#1253=DIRECTION('',(0.E0,1.E0,0.E0));
#1254=VECTOR('',#1253,7.E-1);
#1255=CARTESIAN_POINT('',(-2.7E0,2.05E0,-4.E-1));
#1256=LINE('',#1255,#1254);
#1257=DIRECTION('',(0.E0,1.E0,0.E0));
#1258=VECTOR('',#1257,5.E-1);
#1259=CARTESIAN_POINT('',(-2.5E0,2.05E0,-6.E-1));
#1260=LINE('',#1259,#1258);
#1261=DIRECTION('',(7.071067811865E-1,0.E0,-7.071067811865E-1));
#1262=VECTOR('',#1261,2.828427124746E-1);
#1263=CARTESIAN_POINT('',(-2.7E0,2.05E0,-4.E-1));
#1264=LINE('',#1263,#1262);
#1265=DIRECTION('',(1.E0,0.E0,0.E0));
#1266=VECTOR('',#1265,1.9E0);
#1267=CARTESIAN_POINT('',(-2.7E0,2.75E0,-4.E-1));
#1268=LINE('',#1267,#1266);
#1269=DIRECTION('',(1.E0,0.E0,0.E0));
#1270=VECTOR('',#1269,1.5E0);
#1271=CARTESIAN_POINT('',(-2.5E0,2.55E0,-6.E-1));
#1272=LINE('',#1271,#1270);
#1273=DIRECTION('',(5.773502691896E-1,-5.773502691896E-1,-5.773502691896E-1));
#1274=VECTOR('',#1273,3.464101615138E-1);
#1275=CARTESIAN_POINT('',(-2.7E0,2.75E0,-4.E-1));
#1276=LINE('',#1275,#1274);
#1277=DIRECTION('',(0.E0,1.E0,0.E0));
#1278=VECTOR('',#1277,7.E-1);
#1279=CARTESIAN_POINT('',(-8.E-1,2.05E0,-4.E-1));
#1280=LINE('',#1279,#1278);
#1281=DIRECTION('',(-7.071067811865E-1,0.E0,-7.071067811865E-1));
#1282=VECTOR('',#1281,2.828427124746E-1);
#1283=CARTESIAN_POINT('',(-8.E-1,2.05E0,-4.E-1));
#1284=LINE('',#1283,#1282);
#1285=DIRECTION('',(0.E0,1.E0,0.E0));
#1286=VECTOR('',#1285,5.E-1);
#1287=CARTESIAN_POINT('',(-1.E0,2.05E0,-6.E-1));
#1288=LINE('',#1287,#1286);
#1289=DIRECTION('',(-5.773502691896E-1,-5.773502691896E-1,-5.773502691896E-1));
#1290=VECTOR('',#1289,3.464101615138E-1);
#1291=CARTESIAN_POINT('',(-8.E-1,2.75E0,-4.E-1));
#1292=LINE('',#1291,#1290);
#1293=DIRECTION('',(0.E0,0.E0,1.E0));
#1294=VECTOR('',#1293,1.75E0);
#1295=CARTESIAN_POINT('',(-2.35E0,2.55E0,-2.7E0));
#1296=LINE('',#1295,#1294);
#1297=DIRECTION('',(1.E0,0.E0,0.E0));
#1298=VECTOR('',#1297,1.2E0);
#1299=CARTESIAN_POINT('',(-2.35E0,2.55E0,-2.7E0));
#1300=LINE('',#1299,#1298);
#1301=DIRECTION('',(0.E0,0.E0,1.E0));
#1302=VECTOR('',#1301,1.75E0);
#1303=CARTESIAN_POINT('',(-1.15E0,2.55E0,-2.7E0));
#1304=LINE('',#1303,#1302);
#1305=DIRECTION('',(1.E0,0.E0,0.E0));
#1306=VECTOR('',#1305,1.2E0);
#1307=CARTESIAN_POINT('',(-2.35E0,2.55E0,-9.5E-1));
#1308=LINE('',#1307,#1306);
#1309=DIRECTION('',(0.E0,0.E0,1.E0));
#1310=VECTOR('',#1309,5.E-1);
#1311=CARTESIAN_POINT('',(-2.35E0,-4.95E0,-4.4E0));
#1312=LINE('',#1311,#1310);
#1313=DIRECTION('',(0.E0,1.E0,0.E0));
#1314=VECTOR('',#1313,4.4E0);
#1315=CARTESIAN_POINT('',(-2.35E0,-4.95E0,-4.4E0));
#1316=LINE('',#1315,#1314);
#1317=CARTESIAN_POINT('',(-2.35E0,-5.5E-1,-2.9E0));
#1318=DIRECTION('',(1.E0,0.E0,0.E0));
#1319=DIRECTION('',(0.E0,0.E0,-1.E0));
#1320=AXIS2_PLACEMENT_3D('',#1317,#1318,#1319);
#1322=DIRECTION('',(0.E0,0.E0,1.E0));
#1323=VECTOR('',#1322,2.E-1);
#1324=CARTESIAN_POINT('',(-2.35E0,9.5E-1,-2.9E0));
#1325=LINE('',#1324,#1323);
#1326=DIRECTION('',(0.E0,1.E0,0.E0));
#1327=VECTOR('',#1326,1.6E0);
#1328=CARTESIAN_POINT('',(-2.35E0,9.5E-1,-2.7E0));
#1329=LINE('',#1328,#1327);
#1330=DIRECTION('',(0.E0,-1.E0,0.E0));
#1331=VECTOR('',#1330,6.25E-1);
#1332=CARTESIAN_POINT('',(-2.35E0,2.55E0,-9.5E-1));
#1333=LINE('',#1332,#1331);
#1334=DIRECTION('',(0.E0,0.E0,1.E0));
#1335=VECTOR('',#1334,7.E-1);
#1336=CARTESIAN_POINT('',(-2.35E0,1.925E0,-9.5E-1));
#1337=LINE('',#1336,#1335);
#1338=DIRECTION('',(0.E0,3.846153846154E-1,9.230769230769E-1));
#1339=VECTOR('',#1338,3.25E-1);
#1340=CARTESIAN_POINT('',(-2.35E0,1.925E0,-2.5E-1));
#1341=LINE('',#1340,#1339);
#1342=DIRECTION('',(0.E0,0.E0,1.E0));
#1343=VECTOR('',#1342,4.75E0);
#1344=CARTESIAN_POINT('',(-2.35E0,2.05E0,5.E-2));
#1345=LINE('',#1344,#1343);
#1346=DIRECTION('',(0.E0,-8.593484709627E-1,5.113904628111E-1));
#1347=VECTOR('',#1346,6.400197575075E-1);
#1348=CARTESIAN_POINT('',(-2.35E0,2.05E0,4.8E0));
#1349=LINE('',#1348,#1347);
#1350=DIRECTION('',(0.E0,-8.593484709627E-1,-5.113904628111E-1));
#1351=VECTOR('',#1350,6.400197575075E-1);
#1352=CARTESIAN_POINT('',(-2.35E0,1.5E0,5.1273E0));
#1353=LINE('',#1352,#1351);
#1354=DIRECTION('',(0.E0,0.E0,-1.E0));
#1355=VECTOR('',#1354,4.5E0);
#1356=CARTESIAN_POINT('',(-2.35E0,9.5E-1,4.8E0));
#1357=LINE('',#1356,#1355);
#1358=DIRECTION('',(0.E0,-4.392101320049E-1,-8.983843609192E-1));
#1359=VECTOR('',#1358,1.001798382909E0);
#1360=CARTESIAN_POINT('',(-2.35E0,9.5E-1,3.E-1));
#1361=LINE('',#1360,#1359);
#1362=DIRECTION('',(0.E0,0.E0,-1.E0));
#1363=VECTOR('',#1362,2.5E0);
#1364=CARTESIAN_POINT('',(-2.35E0,5.1E-1,-6.E-1));
#1365=LINE('',#1364,#1363);
#1366=CARTESIAN_POINT('',(-2.35E0,-2.9E-1,-3.1E0));
#1367=DIRECTION('',(-1.E0,0.E0,0.E0));
#1368=DIRECTION('',(0.E0,1.E0,0.E0));
#1369=AXIS2_PLACEMENT_3D('',#1366,#1367,#1368);
#1371=DIRECTION('',(0.E0,-1.E0,0.E0));
#1372=VECTOR('',#1371,4.66E0);
#1373=CARTESIAN_POINT('',(-2.35E0,-2.9E-1,-3.9E0));
#1374=LINE('',#1373,#1372);
#1375=DIRECTION('',(0.E0,0.E0,-1.E0));
#1376=VECTOR('',#1375,5.175E-1);
#1377=CARTESIAN_POINT('',(-2.25E0,-5.125E0,-3.9E0));
#1378=LINE('',#1377,#1376);
#1379=DIRECTION('',(-1.424899484463E-1,9.897962490289E-1,0.E0));
#1380=VECTOR('',#1379,1.965050889926E0);
#1381=CARTESIAN_POINT('',(-1.97E0,-7.45E0,-3.9E0));
#1382=LINE('',#1381,#1380);
#1383=DIRECTION('',(0.E0,1.E0,0.E0));
#1384=VECTOR('',#1383,3.8E-1);
#1385=CARTESIAN_POINT('',(-2.25E0,-5.505E0,-3.9E0));
#1386=LINE('',#1385,#1384);
#1387=DIRECTION('',(-4.961389383568E-1,8.682431421245E-1,0.E0));
#1388=VECTOR('',#1387,2.015564437075E-1);
#1389=CARTESIAN_POINT('',(-2.25E0,-5.125E0,-3.9E0));
#1390=LINE('',#1389,#1388);
#1391=DIRECTION('',(1.E0,0.E0,0.E0));
#1392=VECTOR('',#1391,1.2E0);
#1393=CARTESIAN_POINT('',(-2.35E0,-2.9E-1,-3.9E0));
#1394=LINE('',#1393,#1392);
#1395=DIRECTION('',(-4.961389383568E-1,-8.682431421245E-1,0.E0));
#1396=VECTOR('',#1395,2.015564437075E-1);
#1397=CARTESIAN_POINT('',(-1.15E0,-4.95E0,-3.9E0));
#1398=LINE('',#1397,#1396);
#1399=DIRECTION('',(0.E0,-1.E0,0.E0));
#1400=VECTOR('',#1399,3.8E-1);
#1401=CARTESIAN_POINT('',(-1.25E0,-5.125E0,-3.9E0));
#1402=LINE('',#1401,#1400);
#1403=DIRECTION('',(-1.424899484463E-1,-9.897962490289E-1,0.E0));
#1404=VECTOR('',#1403,1.965050889926E0);
#1405=CARTESIAN_POINT('',(-1.25E0,-5.505E0,-3.9E0));
#1406=LINE('',#1405,#1404);
#1407=DIRECTION('',(0.E0,0.E0,-1.E0));
#1408=VECTOR('',#1407,2.5E-1);
#1409=CARTESIAN_POINT('',(-1.97E0,-7.45E0,-3.9E0));
#1410=LINE('',#1409,#1408);
#1411=DIRECTION('',(1.E0,0.E0,0.E0));
#1412=VECTOR('',#1411,4.4E-1);
#1413=CARTESIAN_POINT('',(-1.97E0,-7.45E0,-3.9E0));
#1414=LINE('',#1413,#1412);
#1415=DIRECTION('',(0.E0,0.E0,-1.E0));
#1416=VECTOR('',#1415,2.5E-1);
#1417=CARTESIAN_POINT('',(-1.53E0,-7.45E0,-3.9E0));
#1418=LINE('',#1417,#1416);
#1419=DIRECTION('',(0.E0,0.E0,-1.E0));
#1420=VECTOR('',#1419,5.555E-1);
#1421=CARTESIAN_POINT('',(-1.25E0,-5.505E0,-3.9E0));
#1422=LINE('',#1421,#1420);
#1423=DIRECTION('',(0.E0,0.E0,-1.E0));
#1424=VECTOR('',#1423,5.175E-1);
#1425=CARTESIAN_POINT('',(-1.25E0,-5.125E0,-3.9E0));
#1426=LINE('',#1425,#1424);
#1427=DIRECTION('',(0.E0,0.E0,1.E0));
#1428=VECTOR('',#1427,5.E-1);
#1429=CARTESIAN_POINT('',(-1.15E0,-4.95E0,-4.4E0));
#1430=LINE('',#1429,#1428);
#1431=DIRECTION('',(0.E0,-1.E0,0.E0));
#1432=VECTOR('',#1431,4.66E0);
#1433=CARTESIAN_POINT('',(-1.15E0,-2.9E-1,-3.9E0));
#1434=LINE('',#1433,#1432);
#1435=CARTESIAN_POINT('',(-1.15E0,-2.9E-1,-3.1E0));
#1436=DIRECTION('',(-1.E0,0.E0,0.E0));
#1437=DIRECTION('',(0.E0,1.E0,0.E0));
#1438=AXIS2_PLACEMENT_3D('',#1435,#1436,#1437);
#1440=DIRECTION('',(0.E0,0.E0,-1.E0));
#1441=VECTOR('',#1440,2.5E0);
#1442=CARTESIAN_POINT('',(-1.15E0,5.1E-1,-6.E-1));
#1443=LINE('',#1442,#1441);
#1444=DIRECTION('',(0.E0,-4.392101320049E-1,-8.983843609192E-1));
#1445=VECTOR('',#1444,1.001798382909E0);
#1446=CARTESIAN_POINT('',(-1.15E0,9.5E-1,3.E-1));
#1447=LINE('',#1446,#1445);
#1448=DIRECTION('',(0.E0,0.E0,-1.E0));
#1449=VECTOR('',#1448,4.5E0);
#1450=CARTESIAN_POINT('',(-1.15E0,9.5E-1,4.8E0));
#1451=LINE('',#1450,#1449);
#1452=DIRECTION('',(0.E0,-8.593484709627E-1,-5.113904628111E-1));
#1453=VECTOR('',#1452,6.400197575075E-1);
#1454=CARTESIAN_POINT('',(-1.15E0,1.5E0,5.1273E0));
#1455=LINE('',#1454,#1453);
#1456=DIRECTION('',(0.E0,-8.593484709627E-1,5.113904628111E-1));
#1457=VECTOR('',#1456,6.400197575075E-1);
#1458=CARTESIAN_POINT('',(-1.15E0,2.05E0,4.8E0));
#1459=LINE('',#1458,#1457);
#1460=DIRECTION('',(0.E0,0.E0,1.E0));
#1461=VECTOR('',#1460,4.75E0);
#1462=CARTESIAN_POINT('',(-1.15E0,2.05E0,5.E-2));
#1463=LINE('',#1462,#1461);
#1464=DIRECTION('',(0.E0,3.846153846154E-1,9.230769230769E-1));
#1465=VECTOR('',#1464,3.25E-1);
#1466=CARTESIAN_POINT('',(-1.15E0,1.925E0,-2.5E-1));
#1467=LINE('',#1466,#1465);
#1468=DIRECTION('',(0.E0,0.E0,1.E0));
#1469=VECTOR('',#1468,7.E-1);
#1470=CARTESIAN_POINT('',(-1.15E0,1.925E0,-9.5E-1));
#1471=LINE('',#1470,#1469);
#1472=DIRECTION('',(0.E0,-1.E0,0.E0));
#1473=VECTOR('',#1472,6.25E-1);
#1474=CARTESIAN_POINT('',(-1.15E0,2.55E0,-9.5E-1));
#1475=LINE('',#1474,#1473);
#1476=DIRECTION('',(0.E0,1.E0,0.E0));
#1477=VECTOR('',#1476,1.6E0);
#1478=CARTESIAN_POINT('',(-1.15E0,9.5E-1,-2.7E0));
#1479=LINE('',#1478,#1477);
#1480=DIRECTION('',(0.E0,0.E0,1.E0));
#1481=VECTOR('',#1480,2.E-1);
#1482=CARTESIAN_POINT('',(-1.15E0,9.5E-1,-2.9E0));
#1483=LINE('',#1482,#1481);
#1484=CARTESIAN_POINT('',(-1.15E0,-5.5E-1,-2.9E0));
#1485=DIRECTION('',(1.E0,0.E0,0.E0));
#1486=DIRECTION('',(0.E0,0.E0,-1.E0));
#1487=AXIS2_PLACEMENT_3D('',#1484,#1485,#1486);
#1489=DIRECTION('',(0.E0,1.E0,0.E0));
#1490=VECTOR('',#1489,4.4E0);
#1491=CARTESIAN_POINT('',(-1.15E0,-4.95E0,-4.4E0));
#1492=LINE('',#1491,#1490);
#1493=DIRECTION('',(1.E0,0.E0,0.E0));
#1494=VECTOR('',#1493,1.2E0);
#1495=CARTESIAN_POINT('',(-2.35E0,5.1E-1,-3.1E0));
#1496=LINE('',#1495,#1494);
#1497=DIRECTION('',(1.E0,0.E0,0.E0));
#1498=VECTOR('',#1497,1.2E0);
#1499=CARTESIAN_POINT('',(-2.35E0,5.1E-1,-6.E-1));
#1500=LINE('',#1499,#1498);
#1501=DIRECTION('',(1.E0,0.E0,0.E0));
#1502=VECTOR('',#1501,1.2E0);
#1503=CARTESIAN_POINT('',(-2.35E0,9.5E-1,3.E-1));
#1504=LINE('',#1503,#1502);
#1505=DIRECTION('',(1.E0,0.E0,0.E0));
#1506=VECTOR('',#1505,1.2E0);
#1507=CARTESIAN_POINT('',(-2.35E0,9.5E-1,4.8E0));
#1508=LINE('',#1507,#1506);
#1509=DIRECTION('',(1.E0,0.E0,0.E0));
#1510=VECTOR('',#1509,1.2E0);
#1511=CARTESIAN_POINT('',(-2.35E0,1.5E0,5.1273E0));
#1512=LINE('',#1511,#1510);
#1513=DIRECTION('',(1.E0,0.E0,0.E0));
#1514=VECTOR('',#1513,1.2E0);
#1515=CARTESIAN_POINT('',(-2.35E0,2.05E0,4.8E0));
#1516=LINE('',#1515,#1514);
#1517=DIRECTION('',(1.E0,0.E0,0.E0));
#1518=VECTOR('',#1517,1.2E0);
#1519=CARTESIAN_POINT('',(-2.35E0,2.05E0,5.E-2));
#1520=LINE('',#1519,#1518);
#1521=DIRECTION('',(1.E0,0.E0,0.E0));
#1522=VECTOR('',#1521,1.2E0);
#1523=CARTESIAN_POINT('',(-2.35E0,1.925E0,-2.5E-1));
#1524=LINE('',#1523,#1522);
#1525=DIRECTION('',(1.E0,0.E0,0.E0));
#1526=VECTOR('',#1525,1.2E0);
#1527=CARTESIAN_POINT('',(-2.35E0,1.925E0,-9.5E-1));
#1528=LINE('',#1527,#1526);
#1529=DIRECTION('',(1.E0,0.E0,0.E0));
#1530=VECTOR('',#1529,1.2E0);
#1531=CARTESIAN_POINT('',(-2.35E0,9.5E-1,-2.7E0));
#1532=LINE('',#1531,#1530);
#1533=DIRECTION('',(1.E0,0.E0,0.E0));
#1534=VECTOR('',#1533,1.2E0);
#1535=CARTESIAN_POINT('',(-2.35E0,9.5E-1,-2.9E0));
#1536=LINE('',#1535,#1534);
#1537=DIRECTION('',(1.E0,0.E0,0.E0));
#1538=VECTOR('',#1537,1.2E0);
#1539=CARTESIAN_POINT('',(-2.35E0,-5.5E-1,-4.4E0));
#1540=LINE('',#1539,#1538);
#1541=DIRECTION('',(1.E0,0.E0,0.E0));
#1542=VECTOR('',#1541,1.2E0);
#1543=CARTESIAN_POINT('',(-2.35E0,-4.95E0,-4.4E0));
#1544=LINE('',#1543,#1542);
#1545=DIRECTION('',(-1.417970509296E-1,9.849830859219E-1,9.849830859218E-2));
#1546=VECTOR('',#1545,4.517844076312E-1);
#1547=CARTESIAN_POINT('',(-2.185938303342E0,-5.95E0,-4.5E0));
#1548=LINE('',#1547,#1546);
#1549=DIRECTION('',(1.E0,0.E0,0.E0));
#1550=VECTOR('',#1549,8.718766066838E-1);
#1551=CARTESIAN_POINT('',(-2.185938303342E0,-5.95E0,-4.5E0));
#1552=LINE('',#1551,#1550);
#1553=DIRECTION('',(1.417970509296E-1,9.849830859219E-1,9.849830859218E-2));
#1554=VECTOR('',#1553,4.517844076312E-1);
#1555=CARTESIAN_POINT('',(-1.314061696658E0,-5.95E0,-4.5E0));
#1556=LINE('',#1555,#1554);
#1557=DIRECTION('',(0.E0,-9.950371902100E-1,-9.950371902100E-2));
#1558=VECTOR('',#1557,3.818952736026E-1);
#1559=CARTESIAN_POINT('',(-1.25E0,-5.125E0,-4.4175E0));
#1560=LINE('',#1559,#1558);
#1561=DIRECTION('',(-4.942793832630E-1,-8.649889207103E-1,-8.649889207103E-2));
#1562=VECTOR('',#1561,2.023147300618E-1);
#1563=CARTESIAN_POINT('',(-1.15E0,-4.95E0,-4.4E0));
#1564=LINE('',#1563,#1562);
#1565=DIRECTION('',(-4.942793832630E-1,8.649889207103E-1,8.649889207103E-2));
#1566=VECTOR('',#1565,2.023147300619E-1);
#1567=CARTESIAN_POINT('',(-2.25E0,-5.125E0,-4.4175E0));
#1568=LINE('',#1567,#1566);
#1569=DIRECTION('',(0.E0,9.950371902100E-1,9.950371902100E-2));
#1570=VECTOR('',#1569,3.818952736026E-1);
#1571=CARTESIAN_POINT('',(-2.25E0,-5.505E0,-4.4555E0));
#1572=LINE('',#1571,#1570);
#1573=DIRECTION('',(-1.388353755504E-1,9.644100194484E-1,-2.250290045380E-1));
#1574=VECTOR('',#1573,1.555355056201E0);
#1575=CARTESIAN_POINT('',(-1.97E0,-7.45E0,-4.15E0));
#1576=LINE('',#1575,#1574);
#1577=DIRECTION('',(1.E0,0.E0,0.E0));
#1578=VECTOR('',#1577,4.4E-1);
#1579=CARTESIAN_POINT('',(-1.97E0,-7.45E0,-4.15E0));
#1580=LINE('',#1579,#1578);
#1581=DIRECTION('',(1.388353755504E-1,9.644100194484E-1,-2.250290045380E-1));
#1582=VECTOR('',#1581,1.555355056201E0);
#1583=CARTESIAN_POINT('',(-1.53E0,-7.45E0,-4.15E0));
#1584=LINE('',#1583,#1582);
#1585=DIRECTION('',(0.E0,0.E0,-1.E0));
#1586=VECTOR('',#1585,5.555E-1);
#1587=CARTESIAN_POINT('',(-2.25E0,-5.505E0,-3.9E0));
#1588=LINE('',#1587,#1586);
#1589=DIRECTION('',(0.E0,0.E0,1.E0));
#1590=VECTOR('',#1589,1.E0);
#1591=CARTESIAN_POINT('',(4.05E0,3.45E0,-3.1E0));
#1592=LINE('',#1591,#1590);
#1593=DIRECTION('',(1.E0,0.E0,0.E0));
#1594=VECTOR('',#1593,2.5E-1);
#1595=CARTESIAN_POINT('',(-2.75E0,-3.65E0,-5.1E0));
#1596=LINE('',#1595,#1594);
#1597=DIRECTION('',(0.E0,-1.E0,0.E0));
#1598=VECTOR('',#1597,4.6E0);
#1599=CARTESIAN_POINT('',(-2.75E0,9.5E-1,-5.1E0));
#1600=LINE('',#1599,#1598);
#1601=DIRECTION('',(0.E0,-1.E0,0.E0));
#1602=VECTOR('',#1601,1.2E0);
#1603=CARTESIAN_POINT('',(-3.05E0,-3.95E0,3.E-1));
#1604=LINE('',#1603,#1602);
#1605=DIRECTION('',(0.E0,-1.E0,0.E0));
#1606=VECTOR('',#1605,1.2E0);
#1607=CARTESIAN_POINT('',(-4.55E0,-3.95E0,3.E-1));
#1608=LINE('',#1607,#1606);
#1609=CARTESIAN_POINT('',(-3.8E0,-5.15E0,3.E-1));
#1610=DIRECTION('',(0.E0,-1.E0,0.E0));
#1611=DIRECTION('',(-1.E0,0.E0,0.E0));
#1612=AXIS2_PLACEMENT_3D('',#1609,#1610,#1611);
#1614=DIRECTION('',(4.472135955E-1,-8.944271909999E-1,0.E0));
#1615=VECTOR('',#1614,3.354101966250E-1);
#1616=CARTESIAN_POINT('',(-4.55E0,-5.15E0,3.E-1));
#1617=LINE('',#1616,#1615);
#1618=CARTESIAN_POINT('',(-3.8E0,-5.15E0,3.E-1));
#1619=DIRECTION('',(0.E0,-1.E0,0.E0));
#1620=DIRECTION('',(1.E0,0.E0,0.E0));
#1621=AXIS2_PLACEMENT_3D('',#1618,#1619,#1620);
#1623=DIRECTION('',(-4.472135955E-1,-8.944271909999E-1,0.E0));
#1624=VECTOR('',#1623,3.354101966250E-1);
#1625=CARTESIAN_POINT('',(-3.05E0,-5.15E0,3.E-1));
#1626=LINE('',#1625,#1624);
#1627=CARTESIAN_POINT('',(-3.8E0,-5.45E0,3.E-1));
#1628=DIRECTION('',(0.E0,-1.E0,0.E0));
#1629=DIRECTION('',(1.E0,0.E0,0.E0));
#1630=AXIS2_PLACEMENT_3D('',#1627,#1628,#1629);
#1632=CARTESIAN_POINT('',(-3.8E0,-5.45E0,3.E-1));
#1633=DIRECTION('',(0.E0,-1.E0,0.E0));
#1634=DIRECTION('',(-1.E0,0.E0,0.E0));
#1635=AXIS2_PLACEMENT_3D('',#1632,#1633,#1634);
#1637=DIRECTION('',(0.E0,-1.E0,0.E0));
#1638=VECTOR('',#1637,1.2E0);
#1639=CARTESIAN_POINT('',(4.55E0,-3.95E0,3.E-1));
#1640=LINE('',#1639,#1638);
#1641=DIRECTION('',(0.E0,-1.E0,0.E0));
#1642=VECTOR('',#1641,1.2E0);
#1643=CARTESIAN_POINT('',(3.05E0,-3.95E0,3.E-1));
#1644=LINE('',#1643,#1642);
#1645=CARTESIAN_POINT('',(3.8E0,-5.15E0,3.E-1));
#1646=DIRECTION('',(0.E0,-1.E0,0.E0));
#1647=DIRECTION('',(-1.E0,0.E0,0.E0));
#1648=AXIS2_PLACEMENT_3D('',#1645,#1646,#1647);
#1650=DIRECTION('',(4.472135955E-1,-8.944271909999E-1,0.E0));
#1651=VECTOR('',#1650,3.354101966250E-1);
#1652=CARTESIAN_POINT('',(3.05E0,-5.15E0,3.E-1));
#1653=LINE('',#1652,#1651);
#1654=CARTESIAN_POINT('',(3.8E0,-5.15E0,3.E-1));
#1655=DIRECTION('',(0.E0,-1.E0,0.E0));
#1656=DIRECTION('',(1.E0,0.E0,0.E0));
#1657=AXIS2_PLACEMENT_3D('',#1654,#1655,#1656);
#1659=DIRECTION('',(-4.472135955E-1,-8.944271909999E-1,0.E0));
#1660=VECTOR('',#1659,3.354101966250E-1);
#1661=CARTESIAN_POINT('',(4.55E0,-5.15E0,3.E-1));
#1662=LINE('',#1661,#1660);
#1663=CARTESIAN_POINT('',(3.8E0,-5.45E0,3.E-1));
#1664=DIRECTION('',(0.E0,-1.E0,0.E0));
#1665=DIRECTION('',(1.E0,0.E0,0.E0));
#1666=AXIS2_PLACEMENT_3D('',#1663,#1664,#1665);
#1668=CARTESIAN_POINT('',(3.8E0,-5.45E0,3.E-1));
#1669=DIRECTION('',(0.E0,-1.E0,0.E0));
#1670=DIRECTION('',(-1.E0,0.E0,0.E0));
#1671=AXIS2_PLACEMENT_3D('',#1668,#1669,#1670);
#1673=CARTESIAN_POINT('',(-4.55E0,3.95E0,7.1E0));
#1674=CARTESIAN_POINT('',(-4.55E0,-3.65E0,7.1E0));
#1675=VERTEX_POINT('',#1673);
#1676=VERTEX_POINT('',#1674);
#1677=CARTESIAN_POINT('',(-4.55E0,-3.65E0,5.1E0));
#1678=VERTEX_POINT('',#1677);
#1679=CARTESIAN_POINT('',(-4.55E0,-3.95E0,5.1E0));
#1680=VERTEX_POINT('',#1679);
#1681=CARTESIAN_POINT('',(-4.55E0,-3.95E0,-7.1E0));
#1682=CARTESIAN_POINT('',(-4.55E0,-9.5E-1,-7.1E0));
#1683=VERTEX_POINT('',#1681);
#1684=VERTEX_POINT('',#1682);
#1685=CARTESIAN_POINT('',(-4.55E0,9.5E-1,-5.1E0));
#1686=VERTEX_POINT('',#1685);
#1687=CARTESIAN_POINT('',(-4.55E0,9.5E-1,-3.1E0));
#1688=VERTEX_POINT('',#1687);
#1689=CARTESIAN_POINT('',(-4.55E0,3.95E0,-3.1E0));
#1690=VERTEX_POINT('',#1689);
#1691=CARTESIAN_POINT('',(4.55E0,3.95E0,7.1E0));
#1692=CARTESIAN_POINT('',(4.55E0,-3.65E0,7.1E0));
#1693=VERTEX_POINT('',#1691);
#1694=VERTEX_POINT('',#1692);
#1695=CARTESIAN_POINT('',(4.55E0,-3.65E0,5.1E0));
#1696=VERTEX_POINT('',#1695);
#1697=CARTESIAN_POINT('',(4.55E0,-3.95E0,5.1E0));
#1698=VERTEX_POINT('',#1697);
#1699=CARTESIAN_POINT('',(4.55E0,-3.95E0,-7.1E0));
#1700=CARTESIAN_POINT('',(4.55E0,-9.5E-1,-7.1E0));
#1701=VERTEX_POINT('',#1699);
#1702=VERTEX_POINT('',#1700);
#1703=CARTESIAN_POINT('',(4.55E0,9.5E-1,-5.1E0));
#1704=VERTEX_POINT('',#1703);
#1705=CARTESIAN_POINT('',(4.55E0,9.5E-1,-3.1E0));
#1706=VERTEX_POINT('',#1705);
#1707=CARTESIAN_POINT('',(3.85E0,-2.85E0,-2.E-1));
#1708=CARTESIAN_POINT('',(3.85E0,2.05E0,-2.E-1));
#1709=VERTEX_POINT('',#1707);
#1710=VERTEX_POINT('',#1708);
#1711=CARTESIAN_POINT('',(3.85E0,2.05E0,-4.E-1));
#1712=VERTEX_POINT('',#1711);
#1713=CARTESIAN_POINT('',(3.85E0,3.35E0,-4.E-1));
#1714=VERTEX_POINT('',#1713);
#1715=CARTESIAN_POINT('',(-3.85E0,-2.85E0,-2.E-1));
#1716=CARTESIAN_POINT('',(-3.85E0,2.05E0,-2.E-1));
#1717=VERTEX_POINT('',#1715);
#1718=VERTEX_POINT('',#1716);
#1719=CARTESIAN_POINT('',(-3.85E0,2.05E0,-4.E-1));
#1720=VERTEX_POINT('',#1719);
#1721=CARTESIAN_POINT('',(-3.85E0,3.35E0,-4.E-1));
#1722=VERTEX_POINT('',#1721);
#1723=CARTESIAN_POINT('',(-3.05E0,3.95E0,7.1E0));
#1724=CARTESIAN_POINT('',(-3.05E0,3.95E0,6.5E-1));
#1725=VERTEX_POINT('',#1723);
#1726=VERTEX_POINT('',#1724);
#1727=CARTESIAN_POINT('',(-1.95E0,3.95E0,6.5E-1));
#1728=VERTEX_POINT('',#1727);
#1729=CARTESIAN_POINT('',(3.05E0,3.95E0,7.1E0));
#1730=CARTESIAN_POINT('',(3.05E0,3.95E0,9.5E-1));
#1731=VERTEX_POINT('',#1729);
#1732=VERTEX_POINT('',#1730);
#1733=CARTESIAN_POINT('',(1.95E0,3.95E0,9.5E-1));
#1734=VERTEX_POINT('',#1733);
#1735=CARTESIAN_POINT('',(-1.95E0,3.35E0,7.1E0));
#1736=CARTESIAN_POINT('',(-1.95E0,3.35E0,6.5E-1));
#1737=VERTEX_POINT('',#1735);
#1738=VERTEX_POINT('',#1736);
#1739=CARTESIAN_POINT('',(-3.05E0,3.35E0,6.5E-1));
#1740=VERTEX_POINT('',#1739);
#1741=CARTESIAN_POINT('',(1.95E0,3.35E0,7.1E0));
#1742=CARTESIAN_POINT('',(1.95E0,3.35E0,9.5E-1));
#1743=VERTEX_POINT('',#1741);
#1744=VERTEX_POINT('',#1742);
#1745=CARTESIAN_POINT('',(3.05E0,3.35E0,9.5E-1));
#1746=VERTEX_POINT('',#1745);
#1747=CARTESIAN_POINT('',(-4.E0,3.5E0,7.1E0));
#1748=CARTESIAN_POINT('',(-3.05E0,3.5E0,7.1E0));
#1749=VERTEX_POINT('',#1747);
#1750=VERTEX_POINT('',#1748);
#1751=CARTESIAN_POINT('',(-3.85E0,3.35E0,6.6E0));
#1752=CARTESIAN_POINT('',(-3.05E0,3.35E0,6.6E0));
#1753=VERTEX_POINT('',#1751);
#1754=VERTEX_POINT('',#1752);
#1755=CARTESIAN_POINT('',(-4.E0,-3.E0,7.1E0));
#1756=VERTEX_POINT('',#1755);
#1757=CARTESIAN_POINT('',(-3.85E0,-2.85E0,6.6E0));
#1758=VERTEX_POINT('',#1757);
#1759=CARTESIAN_POINT('',(4.E0,-3.E0,7.1E0));
#1760=VERTEX_POINT('',#1759);
#1761=CARTESIAN_POINT('',(3.85E0,-2.85E0,6.6E0));
#1762=VERTEX_POINT('',#1761);
#1763=CARTESIAN_POINT('',(4.E0,3.5E0,7.1E0));
#1764=VERTEX_POINT('',#1763);
#1765=CARTESIAN_POINT('',(3.85E0,3.35E0,6.6E0));
#1766=VERTEX_POINT('',#1765);
#1767=CARTESIAN_POINT('',(3.05E0,3.5E0,7.1E0));
#1768=VERTEX_POINT('',#1767);
#1769=CARTESIAN_POINT('',(3.05E0,3.35E0,6.6E0));
#1770=VERTEX_POINT('',#1769);
#1771=CARTESIAN_POINT('',(-1.95E0,3.8E0,7.1E0));
#1772=CARTESIAN_POINT('',(1.95E0,3.8E0,7.1E0));
#1773=VERTEX_POINT('',#1771);
#1774=VERTEX_POINT('',#1772);
#1775=CARTESIAN_POINT('',(-1.95E0,3.95E0,6.6E0));
#1776=VERTEX_POINT('',#1775);
#1777=CARTESIAN_POINT('',(1.95E0,3.95E0,6.6E0));
#1778=VERTEX_POINT('',#1777);
#1779=CARTESIAN_POINT('',(-4.75E-1,4.6E0,3.8E0));
#1780=CARTESIAN_POINT('',(-4.75E-1,4.6E0,4.5E0));
#1781=VERTEX_POINT('',#1779);
#1782=VERTEX_POINT('',#1780);
#1783=CARTESIAN_POINT('',(-4.75E-1,3.95E0,6.6125E0));
#1784=VERTEX_POINT('',#1783);
#1785=CARTESIAN_POINT('',(4.75E-1,4.6E0,3.8E0));
#1786=CARTESIAN_POINT('',(4.75E-1,4.6E0,4.5E0));
#1787=VERTEX_POINT('',#1785);
#1788=VERTEX_POINT('',#1786);
#1789=CARTESIAN_POINT('',(4.75E-1,3.95E0,6.6125E0));
#1790=VERTEX_POINT('',#1789);
#1791=CARTESIAN_POINT('',(-4.75E-1,3.95E0,6.6E0));
#1792=CARTESIAN_POINT('',(-4.75E-1,3.95E0,3.8E0));
#1793=VERTEX_POINT('',#1791);
#1794=VERTEX_POINT('',#1792);
#1795=CARTESIAN_POINT('',(4.75E-1,3.95E0,6.6E0));
#1796=CARTESIAN_POINT('',(4.75E-1,3.95E0,3.8E0));
#1797=VERTEX_POINT('',#1795);
#1798=VERTEX_POINT('',#1796);
#1799=CARTESIAN_POINT('',(-2.75E0,-3.95E0,-7.1E0));
#1800=CARTESIAN_POINT('',(-2.75E0,-9.5E-1,-7.1E0));
#1801=VERTEX_POINT('',#1799);
#1802=VERTEX_POINT('',#1800);
#1803=CARTESIAN_POINT('',(-2.75E0,9.5E-1,-5.1E0));
#1804=VERTEX_POINT('',#1803);
#1805=CARTESIAN_POINT('',(-2.5E0,9.5E-1,-5.1E0));
#1806=VERTEX_POINT('',#1805);
#1807=CARTESIAN_POINT('',(-2.999993945834E-1,-3.95E0,-7.1E0));
#1808=CARTESIAN_POINT('',(-2.999993945834E-1,-9.5E-1,-7.1E0));
#1809=VERTEX_POINT('',#1807);
#1810=VERTEX_POINT('',#1808);
#1811=CARTESIAN_POINT('',(3.000006054166E-1,-3.95E0,-7.1E0));
#1812=CARTESIAN_POINT('',(3.000006054166E-1,-9.5E-1,-7.1E0));
#1813=VERTEX_POINT('',#1811);
#1814=VERTEX_POINT('',#1812);
#1815=CARTESIAN_POINT('',(-7.5E-1,9.5E-1,-5.1E0));
#1816=VERTEX_POINT('',#1815);
#1817=CARTESIAN_POINT('',(7.5E-1,9.5E-1,-5.1E0));
#1818=VERTEX_POINT('',#1817);
#1819=CARTESIAN_POINT('',(-1.E0,9.5E-1,-5.1E0));
#1820=VERTEX_POINT('',#1819);
#1821=CARTESIAN_POINT('',(-1.E0,5.E-2,-2.2E0));
#1822=CARTESIAN_POINT('',(-2.5E0,5.E-2,-2.2E0));
#1823=VERTEX_POINT('',#1821);
#1824=VERTEX_POINT('',#1822);
#1825=CARTESIAN_POINT('',(-1.E0,9.5E-1,-3.1E0));
#1826=CARTESIAN_POINT('',(-1.E0,2.55E0,-3.1E0));
#1827=VERTEX_POINT('',#1825);
#1828=VERTEX_POINT('',#1826);
#1829=CARTESIAN_POINT('',(-2.5E0,9.5E-1,-3.1E0));
#1830=CARTESIAN_POINT('',(-2.5E0,2.55E0,-3.1E0));
#1831=VERTEX_POINT('',#1829);
#1832=VERTEX_POINT('',#1830);
#1833=CARTESIAN_POINT('',(-2.5E0,-5.5E-1,-3.1E0));
#1834=CARTESIAN_POINT('',(-1.E0,-5.5E-1,-3.1E0));
#1835=VERTEX_POINT('',#1833);
#1836=VERTEX_POINT('',#1834);
#1837=CARTESIAN_POINT('',(-2.7E0,2.05E0,-2.E-1));
#1838=CARTESIAN_POINT('',(-2.7E0,-1.5E-1,-2.E-1));
#1839=VERTEX_POINT('',#1837);
#1840=VERTEX_POINT('',#1838);
#1841=CARTESIAN_POINT('',(-2.5E0,2.05E0,-4.E-1));
#1842=CARTESIAN_POINT('',(-2.5E0,5.E-2,-4.E-1));
#1843=VERTEX_POINT('',#1841);
#1844=VERTEX_POINT('',#1842);
#1845=CARTESIAN_POINT('',(-8.E-1,-1.5E-1,-2.E-1));
#1846=VERTEX_POINT('',#1845);
#1847=CARTESIAN_POINT('',(-1.E0,5.E-2,-4.E-1));
#1848=VERTEX_POINT('',#1847);
#1849=CARTESIAN_POINT('',(-8.E-1,2.05E0,-2.E-1));
#1850=VERTEX_POINT('',#1849);
#1851=CARTESIAN_POINT('',(-1.E0,2.05E0,-4.E-1));
#1852=VERTEX_POINT('',#1851);
#1853=CARTESIAN_POINT('',(-2.7E0,2.05E0,-4.E-1));
#1854=CARTESIAN_POINT('',(-2.7E0,2.75E0,-4.E-1));
#1855=VERTEX_POINT('',#1853);
#1856=VERTEX_POINT('',#1854);
#1857=CARTESIAN_POINT('',(-2.5E0,2.05E0,-6.E-1));
#1858=CARTESIAN_POINT('',(-2.5E0,2.55E0,-6.E-1));
#1859=VERTEX_POINT('',#1857);
#1860=VERTEX_POINT('',#1858);
#1861=CARTESIAN_POINT('',(-8.E-1,2.75E0,-4.E-1));
#1862=VERTEX_POINT('',#1861);
#1863=CARTESIAN_POINT('',(-1.E0,2.55E0,-6.E-1));
#1864=VERTEX_POINT('',#1863);
#1865=CARTESIAN_POINT('',(-8.E-1,2.05E0,-4.E-1));
#1866=VERTEX_POINT('',#1865);
#1867=CARTESIAN_POINT('',(-1.E0,2.05E0,-6.E-1));
#1868=VERTEX_POINT('',#1867);
#1869=CARTESIAN_POINT('',(-7.5E-1,-3.65E0,5.1E0));
#1870=CARTESIAN_POINT('',(-7.5E-1,-3.95E0,5.1E0));
#1871=VERTEX_POINT('',#1869);
#1872=VERTEX_POINT('',#1870);
#1873=CARTESIAN_POINT('',(-2.75E0,-3.65E0,5.1E0));
#1874=CARTESIAN_POINT('',(-2.75E0,-3.95E0,5.1E0));
#1875=VERTEX_POINT('',#1873);
#1876=VERTEX_POINT('',#1874);
#1877=CARTESIAN_POINT('',(-7.5E-1,-3.95E0,-5.1E0));
#1878=VERTEX_POINT('',#1877);
#1879=CARTESIAN_POINT('',(-1.E0,-3.65E0,-3.1E0));
#1880=CARTESIAN_POINT('',(-2.5E0,-3.65E0,-3.1E0));
#1881=VERTEX_POINT('',#1879);
#1882=VERTEX_POINT('',#1880);
#1883=CARTESIAN_POINT('',(-2.75E0,-3.65E0,-5.1E0));
#1884=CARTESIAN_POINT('',(-2.5E0,-3.65E0,-5.1E0));
#1885=VERTEX_POINT('',#1883);
#1886=VERTEX_POINT('',#1884);
#1887=CARTESIAN_POINT('',(-1.E0,-3.65E0,-5.1E0));
#1888=VERTEX_POINT('',#1887);
#1889=CARTESIAN_POINT('',(-7.5E-1,-3.65E0,-5.1E0));
#1890=VERTEX_POINT('',#1889);
#1891=CARTESIAN_POINT('',(-2.35E0,5.1E-1,-6.E-1));
#1892=CARTESIAN_POINT('',(-2.35E0,5.1E-1,-3.1E0));
#1893=VERTEX_POINT('',#1891);
#1894=VERTEX_POINT('',#1892);
#1895=CARTESIAN_POINT('',(-2.35E0,9.5E-1,-2.9E0));
#1896=CARTESIAN_POINT('',(-2.35E0,9.5E-1,-2.7E0));
#1897=VERTEX_POINT('',#1895);
#1898=VERTEX_POINT('',#1896);
#1899=CARTESIAN_POINT('',(-2.35E0,1.925E0,-9.5E-1));
#1900=CARTESIAN_POINT('',(-2.35E0,1.925E0,-2.5E-1));
#1901=VERTEX_POINT('',#1899);
#1902=VERTEX_POINT('',#1900);
#1903=CARTESIAN_POINT('',(-2.35E0,2.05E0,5.E-2));
#1904=VERTEX_POINT('',#1903);
#1905=CARTESIAN_POINT('',(-2.35E0,2.05E0,4.8E0));
#1906=VERTEX_POINT('',#1905);
#1907=CARTESIAN_POINT('',(-2.35E0,1.5E0,5.1273E0));
#1908=VERTEX_POINT('',#1907);
#1909=CARTESIAN_POINT('',(-2.35E0,9.5E-1,4.8E0));
#1910=VERTEX_POINT('',#1909);
#1911=CARTESIAN_POINT('',(-2.35E0,9.5E-1,3.E-1));
#1912=VERTEX_POINT('',#1911);
#1913=CARTESIAN_POINT('',(-1.15E0,5.1E-1,-6.E-1));
#1914=CARTESIAN_POINT('',(-1.15E0,5.1E-1,-3.1E0));
#1915=VERTEX_POINT('',#1913);
#1916=VERTEX_POINT('',#1914);
#1917=CARTESIAN_POINT('',(-1.15E0,9.5E-1,-2.9E0));
#1918=CARTESIAN_POINT('',(-1.15E0,9.5E-1,-2.7E0));
#1919=VERTEX_POINT('',#1917);
#1920=VERTEX_POINT('',#1918);
#1921=CARTESIAN_POINT('',(-1.15E0,1.925E0,-9.5E-1));
#1922=CARTESIAN_POINT('',(-1.15E0,1.925E0,-2.5E-1));
#1923=VERTEX_POINT('',#1921);
#1924=VERTEX_POINT('',#1922);
#1925=CARTESIAN_POINT('',(-1.15E0,2.05E0,5.E-2));
#1926=VERTEX_POINT('',#1925);
#1927=CARTESIAN_POINT('',(-1.15E0,2.05E0,4.8E0));
#1928=VERTEX_POINT('',#1927);
#1929=CARTESIAN_POINT('',(-1.15E0,1.5E0,5.1273E0));
#1930=VERTEX_POINT('',#1929);
#1931=CARTESIAN_POINT('',(-1.15E0,9.5E-1,4.8E0));
#1932=VERTEX_POINT('',#1931);
#1933=CARTESIAN_POINT('',(-1.15E0,9.5E-1,3.E-1));
#1934=VERTEX_POINT('',#1933);
#1935=CARTESIAN_POINT('',(-2.35E0,-4.95E0,-4.4E0));
#1936=CARTESIAN_POINT('',(-2.35E0,-4.95E0,-3.9E0));
#1937=VERTEX_POINT('',#1935);
#1938=VERTEX_POINT('',#1936);
#1939=CARTESIAN_POINT('',(-1.15E0,-4.95E0,-4.4E0));
#1940=CARTESIAN_POINT('',(-1.15E0,-4.95E0,-3.9E0));
#1941=VERTEX_POINT('',#1939);
#1942=VERTEX_POINT('',#1940);
#1943=CARTESIAN_POINT('',(-1.97E0,-7.45E0,-3.9E0));
#1944=CARTESIAN_POINT('',(-2.25E0,-5.505E0,-3.9E0));
#1945=VERTEX_POINT('',#1943);
#1946=VERTEX_POINT('',#1944);
#1947=CARTESIAN_POINT('',(-2.25E0,-5.125E0,-3.9E0));
#1948=VERTEX_POINT('',#1947);
#1949=CARTESIAN_POINT('',(-1.25E0,-5.125E0,-3.9E0));
#1950=VERTEX_POINT('',#1949);
#1951=CARTESIAN_POINT('',(-1.25E0,-5.505E0,-3.9E0));
#1952=VERTEX_POINT('',#1951);
#1953=CARTESIAN_POINT('',(-1.53E0,-7.45E0,-3.9E0));
#1954=VERTEX_POINT('',#1953);
#1955=CARTESIAN_POINT('',(-1.97E0,-7.45E0,-4.15E0));
#1956=VERTEX_POINT('',#1955);
#1957=CARTESIAN_POINT('',(-1.53E0,-7.45E0,-4.15E0));
#1958=VERTEX_POINT('',#1957);
#1959=CARTESIAN_POINT('',(-2.185938303342E0,-5.95E0,-4.5E0));
#1960=VERTEX_POINT('',#1959);
#1961=CARTESIAN_POINT('',(-1.314061696658E0,-5.95E0,-4.5E0));
#1962=VERTEX_POINT('',#1961);
#1963=CARTESIAN_POINT('',(-2.25E0,-5.505E0,-4.4555E0));
#1964=VERTEX_POINT('',#1963);
#1965=CARTESIAN_POINT('',(-2.25E0,-5.125E0,-4.4175E0));
#1966=VERTEX_POINT('',#1965);
#1967=CARTESIAN_POINT('',(-1.25E0,-5.125E0,-4.4175E0));
#1968=VERTEX_POINT('',#1967);
#1969=CARTESIAN_POINT('',(-1.25E0,-5.505E0,-4.4555E0));
#1970=VERTEX_POINT('',#1969);
#1971=CARTESIAN_POINT('',(2.75E0,-3.95E0,-7.1E0));
#1972=CARTESIAN_POINT('',(2.75E0,-9.5E-1,-7.1E0));
#1973=VERTEX_POINT('',#1971);
#1974=VERTEX_POINT('',#1972);
#1975=CARTESIAN_POINT('',(2.5E0,9.5E-1,-5.1E0));
#1976=CARTESIAN_POINT('',(2.75E0,9.5E-1,-5.1E0));
#1977=VERTEX_POINT('',#1975);
#1978=VERTEX_POINT('',#1976);
#1979=CARTESIAN_POINT('',(1.E0,9.5E-1,-5.1E0));
#1980=VERTEX_POINT('',#1979);
#1981=CARTESIAN_POINT('',(1.15E0,5.1E-1,-6.E-1));
#1982=CARTESIAN_POINT('',(1.15E0,5.1E-1,-3.1E0));
#1983=VERTEX_POINT('',#1981);
#1984=VERTEX_POINT('',#1982);
#1985=CARTESIAN_POINT('',(1.15E0,9.5E-1,-2.9E0));
#1986=CARTESIAN_POINT('',(1.15E0,9.5E-1,-2.7E0));
#1987=VERTEX_POINT('',#1985);
#1988=VERTEX_POINT('',#1986);
#1989=CARTESIAN_POINT('',(1.15E0,1.925E0,-9.5E-1));
#1990=CARTESIAN_POINT('',(1.15E0,1.925E0,-2.5E-1));
#1991=VERTEX_POINT('',#1989);
#1992=VERTEX_POINT('',#1990);
#1993=CARTESIAN_POINT('',(1.15E0,2.05E0,5.E-2));
#1994=VERTEX_POINT('',#1993);
#1995=CARTESIAN_POINT('',(1.15E0,2.05E0,4.8E0));
#1996=VERTEX_POINT('',#1995);
#1997=CARTESIAN_POINT('',(1.15E0,1.5E0,5.1273E0));
#1998=VERTEX_POINT('',#1997);
#1999=CARTESIAN_POINT('',(1.15E0,9.5E-1,4.8E0));
#2000=VERTEX_POINT('',#1999);
#2001=CARTESIAN_POINT('',(1.15E0,9.5E-1,3.E-1));
#2002=VERTEX_POINT('',#2001);
#2003=CARTESIAN_POINT('',(2.35E0,5.1E-1,-6.E-1));
#2004=CARTESIAN_POINT('',(2.35E0,5.1E-1,-3.1E0));
#2005=VERTEX_POINT('',#2003);
#2006=VERTEX_POINT('',#2004);
#2007=CARTESIAN_POINT('',(2.35E0,9.5E-1,-2.9E0));
#2008=CARTESIAN_POINT('',(2.35E0,9.5E-1,-2.7E0));
#2009=VERTEX_POINT('',#2007);
#2010=VERTEX_POINT('',#2008);
#2011=CARTESIAN_POINT('',(2.35E0,1.925E0,-9.5E-1));
#2012=CARTESIAN_POINT('',(2.35E0,1.925E0,-2.5E-1));
#2013=VERTEX_POINT('',#2011);
#2014=VERTEX_POINT('',#2012);
#2015=CARTESIAN_POINT('',(2.35E0,2.05E0,5.E-2));
#2016=VERTEX_POINT('',#2015);
#2017=CARTESIAN_POINT('',(2.35E0,2.05E0,4.8E0));
#2018=VERTEX_POINT('',#2017);
#2019=CARTESIAN_POINT('',(2.35E0,1.5E0,5.1273E0));
#2020=VERTEX_POINT('',#2019);
#2021=CARTESIAN_POINT('',(2.35E0,9.5E-1,4.8E0));
#2022=VERTEX_POINT('',#2021);
#2023=CARTESIAN_POINT('',(2.35E0,9.5E-1,3.E-1));
#2024=VERTEX_POINT('',#2023);
#2025=CARTESIAN_POINT('',(2.5E0,5.E-2,-2.2E0));
#2026=CARTESIAN_POINT('',(1.E0,5.E-2,-2.2E0));
#2027=VERTEX_POINT('',#2025);
#2028=VERTEX_POINT('',#2026);
#2029=CARTESIAN_POINT('',(2.5E0,9.5E-1,-3.1E0));
#2030=CARTESIAN_POINT('',(2.5E0,2.55E0,-3.1E0));
#2031=VERTEX_POINT('',#2029);
#2032=VERTEX_POINT('',#2030);
#2033=CARTESIAN_POINT('',(1.E0,9.5E-1,-3.1E0));
#2034=CARTESIAN_POINT('',(1.E0,2.55E0,-3.1E0));
#2035=VERTEX_POINT('',#2033);
#2036=VERTEX_POINT('',#2034);
#2037=CARTESIAN_POINT('',(1.E0,-5.5E-1,-3.1E0));
#2038=CARTESIAN_POINT('',(2.5E0,-5.5E-1,-3.1E0));
#2039=VERTEX_POINT('',#2037);
#2040=VERTEX_POINT('',#2038);
#2041=CARTESIAN_POINT('',(8.E-1,2.05E0,-2.E-1));
#2042=CARTESIAN_POINT('',(8.E-1,-1.5E-1,-2.E-1));
#2043=VERTEX_POINT('',#2041);
#2044=VERTEX_POINT('',#2042);
#2045=CARTESIAN_POINT('',(1.E0,2.05E0,-4.E-1));
#2046=CARTESIAN_POINT('',(1.E0,5.E-2,-4.E-1));
#2047=VERTEX_POINT('',#2045);
#2048=VERTEX_POINT('',#2046);
#2049=CARTESIAN_POINT('',(2.7E0,-1.5E-1,-2.E-1));
#2050=VERTEX_POINT('',#2049);
#2051=CARTESIAN_POINT('',(2.5E0,5.E-2,-4.E-1));
#2052=VERTEX_POINT('',#2051);
#2053=CARTESIAN_POINT('',(2.7E0,2.05E0,-2.E-1));
#2054=VERTEX_POINT('',#2053);
#2055=CARTESIAN_POINT('',(2.5E0,2.05E0,-4.E-1));
#2056=VERTEX_POINT('',#2055);
#2057=CARTESIAN_POINT('',(8.E-1,2.05E0,-4.E-1));
#2058=CARTESIAN_POINT('',(8.E-1,2.75E0,-4.E-1));
#2059=VERTEX_POINT('',#2057);
#2060=VERTEX_POINT('',#2058);
#2061=CARTESIAN_POINT('',(1.E0,2.05E0,-6.E-1));
#2062=CARTESIAN_POINT('',(1.E0,2.55E0,-6.E-1));
#2063=VERTEX_POINT('',#2061);
#2064=VERTEX_POINT('',#2062);
#2065=CARTESIAN_POINT('',(2.7E0,2.75E0,-4.E-1));
#2066=VERTEX_POINT('',#2065);
#2067=CARTESIAN_POINT('',(2.5E0,2.55E0,-6.E-1));
#2068=VERTEX_POINT('',#2067);
#2069=CARTESIAN_POINT('',(2.7E0,2.05E0,-4.E-1));
#2070=VERTEX_POINT('',#2069);
#2071=CARTESIAN_POINT('',(2.5E0,2.05E0,-6.E-1));
#2072=VERTEX_POINT('',#2071);
#2073=CARTESIAN_POINT('',(2.75E0,-3.65E0,5.1E0));
#2074=CARTESIAN_POINT('',(2.75E0,-3.95E0,5.1E0));
#2075=VERTEX_POINT('',#2073);
#2076=VERTEX_POINT('',#2074);
#2077=CARTESIAN_POINT('',(7.5E-1,-3.65E0,5.1E0));
#2078=CARTESIAN_POINT('',(7.5E-1,-3.95E0,5.1E0));
#2079=VERTEX_POINT('',#2077);
#2080=VERTEX_POINT('',#2078);
#2081=CARTESIAN_POINT('',(7.5E-1,-3.95E0,-5.1E0));
#2082=VERTEX_POINT('',#2081);
#2083=CARTESIAN_POINT('',(2.5E0,-3.65E0,-3.1E0));
#2084=CARTESIAN_POINT('',(1.E0,-3.65E0,-3.1E0));
#2085=VERTEX_POINT('',#2083);
#2086=VERTEX_POINT('',#2084);
#2087=CARTESIAN_POINT('',(7.5E-1,-3.65E0,-5.1E0));
#2088=VERTEX_POINT('',#2087);
#2089=CARTESIAN_POINT('',(1.E0,-3.65E0,-5.1E0));
#2090=VERTEX_POINT('',#2089);
#2091=CARTESIAN_POINT('',(2.5E0,-3.65E0,-5.1E0));
#2092=VERTEX_POINT('',#2091);
#2093=CARTESIAN_POINT('',(2.75E0,-3.65E0,-5.1E0));
#2094=VERTEX_POINT('',#2093);
#2095=CARTESIAN_POINT('',(1.15E0,-4.95E0,-4.4E0));
#2096=CARTESIAN_POINT('',(1.15E0,-4.95E0,-3.9E0));
#2097=VERTEX_POINT('',#2095);
#2098=VERTEX_POINT('',#2096);
#2099=CARTESIAN_POINT('',(2.35E0,-4.95E0,-4.4E0));
#2100=CARTESIAN_POINT('',(2.35E0,-4.95E0,-3.9E0));
#2101=VERTEX_POINT('',#2099);
#2102=VERTEX_POINT('',#2100);
#2103=CARTESIAN_POINT('',(1.53E0,-7.45E0,-3.9E0));
#2104=CARTESIAN_POINT('',(1.25E0,-5.505E0,-3.9E0));
#2105=VERTEX_POINT('',#2103);
#2106=VERTEX_POINT('',#2104);
#2107=CARTESIAN_POINT('',(1.25E0,-5.125E0,-3.9E0));
#2108=VERTEX_POINT('',#2107);
#2109=CARTESIAN_POINT('',(2.25E0,-5.125E0,-3.9E0));
#2110=VERTEX_POINT('',#2109);
#2111=CARTESIAN_POINT('',(2.25E0,-5.505E0,-3.9E0));
#2112=VERTEX_POINT('',#2111);
#2113=CARTESIAN_POINT('',(1.97E0,-7.45E0,-3.9E0));
#2114=VERTEX_POINT('',#2113);
#2115=CARTESIAN_POINT('',(1.53E0,-7.45E0,-4.15E0));
#2116=VERTEX_POINT('',#2115);
#2117=CARTESIAN_POINT('',(1.97E0,-7.45E0,-4.15E0));
#2118=VERTEX_POINT('',#2117);
#2119=CARTESIAN_POINT('',(1.314061696658E0,-5.95E0,-4.5E0));
#2120=VERTEX_POINT('',#2119);
#2121=CARTESIAN_POINT('',(2.185938303342E0,-5.95E0,-4.5E0));
#2122=VERTEX_POINT('',#2121);
#2123=CARTESIAN_POINT('',(1.25E0,-5.505E0,-4.4555E0));
#2124=VERTEX_POINT('',#2123);
#2125=CARTESIAN_POINT('',(1.25E0,-5.125E0,-4.4175E0));
#2126=VERTEX_POINT('',#2125);
#2127=CARTESIAN_POINT('',(2.25E0,-5.125E0,-4.4175E0));
#2128=VERTEX_POINT('',#2127);
#2129=CARTESIAN_POINT('',(2.25E0,-5.505E0,-4.4555E0));
#2130=VERTEX_POINT('',#2129);
#2131=CARTESIAN_POINT('',(-2.35E0,-2.9E-1,-3.9E0));
#2132=VERTEX_POINT('',#2131);
#2133=CARTESIAN_POINT('',(-2.35E0,-5.5E-1,-4.4E0));
#2134=VERTEX_POINT('',#2133);
#2135=CARTESIAN_POINT('',(-1.15E0,-2.9E-1,-3.9E0));
#2136=VERTEX_POINT('',#2135);
#2137=CARTESIAN_POINT('',(-1.15E0,-5.5E-1,-4.4E0));
#2138=VERTEX_POINT('',#2137);
#2139=CARTESIAN_POINT('',(1.15E0,-2.9E-1,-3.9E0));
#2140=VERTEX_POINT('',#2139);
#2141=CARTESIAN_POINT('',(1.15E0,-5.5E-1,-4.4E0));
#2142=VERTEX_POINT('',#2141);
#2143=CARTESIAN_POINT('',(2.35E0,-2.9E-1,-3.9E0));
#2144=VERTEX_POINT('',#2143);
#2145=CARTESIAN_POINT('',(2.35E0,-5.5E-1,-4.4E0));
#2146=VERTEX_POINT('',#2145);
#2147=CARTESIAN_POINT('',(-3.05E0,-5.15E0,3.E-1));
#2148=CARTESIAN_POINT('',(-4.55E0,-5.15E0,3.E-1));
#2149=VERTEX_POINT('',#2147);
#2150=VERTEX_POINT('',#2148);
#2151=CARTESIAN_POINT('',(-3.2E0,-5.45E0,3.E-1));
#2152=CARTESIAN_POINT('',(-4.4E0,-5.45E0,3.E-1));
#2153=VERTEX_POINT('',#2151);
#2154=VERTEX_POINT('',#2152);
#2155=CARTESIAN_POINT('',(-3.05E0,-3.95E0,3.E-1));
#2156=CARTESIAN_POINT('',(-4.55E0,-3.95E0,3.E-1));
#2157=VERTEX_POINT('',#2155);
#2158=VERTEX_POINT('',#2156);
#2159=CARTESIAN_POINT('',(4.55E0,-5.15E0,3.E-1));
#2160=CARTESIAN_POINT('',(3.05E0,-5.15E0,3.E-1));
#2161=VERTEX_POINT('',#2159);
#2162=VERTEX_POINT('',#2160);
#2163=CARTESIAN_POINT('',(4.4E0,-5.45E0,3.E-1));
#2164=CARTESIAN_POINT('',(3.2E0,-5.45E0,3.E-1));
#2165=VERTEX_POINT('',#2163);
#2166=VERTEX_POINT('',#2164);
#2167=CARTESIAN_POINT('',(4.55E0,-3.95E0,3.E-1));
#2168=CARTESIAN_POINT('',(3.05E0,-3.95E0,3.E-1));
#2169=VERTEX_POINT('',#2167);
#2170=VERTEX_POINT('',#2168);
#2171=CARTESIAN_POINT('',(4.55E0,3.95E0,-2.1E0));
#2172=CARTESIAN_POINT('',(4.55E0,3.45E0,-2.1E0));
#2173=VERTEX_POINT('',#2171);
#2174=VERTEX_POINT('',#2172);
#2175=CARTESIAN_POINT('',(4.55E0,3.45E0,-3.1E0));
#2176=VERTEX_POINT('',#2175);
#2177=CARTESIAN_POINT('',(4.05E0,3.45E0,-3.1E0));
#2178=VERTEX_POINT('',#2177);
#2179=CARTESIAN_POINT('',(4.05E0,3.95E0,-3.1E0));
#2180=VERTEX_POINT('',#2179);
#2181=CARTESIAN_POINT('',(4.05E0,3.95E0,-2.1E0));
#2182=VERTEX_POINT('',#2181);
#2183=CARTESIAN_POINT('',(4.05E0,3.45E0,-2.1E0));
#2184=VERTEX_POINT('',#2183);
#2185=CARTESIAN_POINT('',(-2.35E0,2.55E0,-2.7E0));
#2186=CARTESIAN_POINT('',(-2.35E0,2.55E0,-9.5E-1));
#2187=VERTEX_POINT('',#2185);
#2188=VERTEX_POINT('',#2186);
#2189=CARTESIAN_POINT('',(-1.15E0,2.55E0,-2.7E0));
#2190=CARTESIAN_POINT('',(-1.15E0,2.55E0,-9.5E-1));
#2191=VERTEX_POINT('',#2189);
#2192=VERTEX_POINT('',#2190);
#2193=CARTESIAN_POINT('',(1.15E0,2.55E0,-2.7E0));
#2194=CARTESIAN_POINT('',(1.15E0,2.55E0,-9.5E-1));
#2195=VERTEX_POINT('',#2193);
#2196=VERTEX_POINT('',#2194);
#2197=CARTESIAN_POINT('',(2.35E0,2.55E0,-2.7E0));
#2198=CARTESIAN_POINT('',(2.35E0,2.55E0,-9.5E-1));
#2199=VERTEX_POINT('',#2197);
#2200=VERTEX_POINT('',#2198);
#2201=CARTESIAN_POINT('',(-4.55E0,0.E0,0.E0));
#2202=DIRECTION('',(1.E0,0.E0,0.E0));
#2203=DIRECTION('',(0.E0,0.E0,-1.E0));
#2204=AXIS2_PLACEMENT_3D('',#2201,#2202,#2203);
#2205=PLANE('',#2204);
#2207=ORIENTED_EDGE('',*,*,#2206,.T.);
#2209=ORIENTED_EDGE('',*,*,#2208,.T.);
#2211=ORIENTED_EDGE('',*,*,#2210,.T.);
#2213=ORIENTED_EDGE('',*,*,#2212,.T.);
#2215=ORIENTED_EDGE('',*,*,#2214,.T.);
#2217=ORIENTED_EDGE('',*,*,#2216,.T.);
#2219=ORIENTED_EDGE('',*,*,#2218,.T.);
#2221=ORIENTED_EDGE('',*,*,#2220,.T.);
#2223=ORIENTED_EDGE('',*,*,#2222,.T.);
#2225=ORIENTED_EDGE('',*,*,#2224,.T.);
#2226=EDGE_LOOP('',(#2207,#2209,#2211,#2213,#2215,#2217,#2219,#2221,#2223,
#2225));
#2227=FACE_OUTER_BOUND('',#2226,.F.);
#2228=ADVANCED_FACE('',(#2227),#2205,.F.);
#2229=CARTESIAN_POINT('',(-4.55E0,-3.95E0,5.1E0));
#2230=DIRECTION('',(0.E0,-1.E0,0.E0));
#2231=DIRECTION('',(0.E0,0.E0,-1.E0));
#2232=AXIS2_PLACEMENT_3D('',#2229,#2230,#2231);
#2233=PLANE('',#2232);
#2235=ORIENTED_EDGE('',*,*,#2234,.T.);
#2237=ORIENTED_EDGE('',*,*,#2236,.F.);
#2239=ORIENTED_EDGE('',*,*,#2238,.F.);
#2241=ORIENTED_EDGE('',*,*,#2240,.F.);
#2243=ORIENTED_EDGE('',*,*,#2242,.F.);
#2245=ORIENTED_EDGE('',*,*,#2244,.T.);
#2246=EDGE_LOOP('',(#2235,#2237,#2239,#2241,#2243,#2245));
#2247=FACE_OUTER_BOUND('',#2246,.F.);
#2248=ADVANCED_FACE('',(#2247),#2233,.T.);
#2249=CARTESIAN_POINT('',(-4.55E0,-3.95E0,5.1E0));
#2250=DIRECTION('',(0.E0,-1.E0,0.E0));
#2251=DIRECTION('',(0.E0,0.E0,-1.E0));
#2252=AXIS2_PLACEMENT_3D('',#2249,#2250,#2251);
#2253=PLANE('',#2252);
#2255=ORIENTED_EDGE('',*,*,#2254,.T.);
#2256=ORIENTED_EDGE('',*,*,#2206,.F.);
#2258=ORIENTED_EDGE('',*,*,#2257,.T.);
#2260=ORIENTED_EDGE('',*,*,#2259,.F.);
#2262=ORIENTED_EDGE('',*,*,#2261,.F.);
#2263=ORIENTED_EDGE('',*,*,#2208,.F.);
#2265=ORIENTED_EDGE('',*,*,#2264,.T.);
#2266=EDGE_LOOP('',(#2255,#2256,#2258,#2260,#2262,#2263,#2265));
#2267=FACE_OUTER_BOUND('',#2266,.F.);
#2268=ADVANCED_FACE('',(#2267),#2253,.T.);
#2269=CARTESIAN_POINT('',(-4.55E0,-3.95E0,5.1E0));
#2270=DIRECTION('',(0.E0,-1.E0,0.E0));
#2271=DIRECTION('',(0.E0,0.E0,-1.E0));
#2272=AXIS2_PLACEMENT_3D('',#2269,#2270,#2271);
#2273=PLANE('',#2272);
#2275=ORIENTED_EDGE('',*,*,#2274,.T.);
#2277=ORIENTED_EDGE('',*,*,#2276,.T.);
#2279=ORIENTED_EDGE('',*,*,#2278,.T.);
#2281=ORIENTED_EDGE('',*,*,#2280,.F.);
#2283=ORIENTED_EDGE('',*,*,#2282,.F.);
#2285=ORIENTED_EDGE('',*,*,#2284,.T.);
#2287=ORIENTED_EDGE('',*,*,#2286,.T.);
#2288=EDGE_LOOP('',(#2275,#2277,#2279,#2281,#2283,#2285,#2287));
#2289=FACE_OUTER_BOUND('',#2288,.F.);
#2290=ADVANCED_FACE('',(#2289),#2273,.T.);
#2291=CARTESIAN_POINT('',(7.5E-1,-3.65E0,5.1E0));
#2292=DIRECTION('',(-1.E0,0.E0,0.E0));
#2293=DIRECTION('',(0.E0,-1.E0,0.E0));
#2294=AXIS2_PLACEMENT_3D('',#2291,#2292,#2293);
#2295=PLANE('',#2294);
#2297=ORIENTED_EDGE('',*,*,#2296,.F.);
#2299=ORIENTED_EDGE('',*,*,#2298,.T.);
#2301=ORIENTED_EDGE('',*,*,#2300,.F.);
#2302=ORIENTED_EDGE('',*,*,#2234,.F.);
#2303=EDGE_LOOP('',(#2297,#2299,#2301,#2302));
#2304=FACE_OUTER_BOUND('',#2303,.F.);
#2305=ADVANCED_FACE('',(#2304),#2295,.F.);
#2306=CARTESIAN_POINT('',(-4.55E0,-3.65E0,5.1E0));
#2307=DIRECTION('',(0.E0,0.E0,1.E0));
#2308=DIRECTION('',(0.E0,-1.E0,0.E0));
#2309=AXIS2_PLACEMENT_3D('',#2306,#2307,#2308);
#2310=PLANE('',#2309);
#2312=ORIENTED_EDGE('',*,*,#2311,.T.);
#2313=ORIENTED_EDGE('',*,*,#2257,.F.);
#2314=ORIENTED_EDGE('',*,*,#2224,.F.);
#2316=ORIENTED_EDGE('',*,*,#2315,.T.);
#2317=EDGE_LOOP('',(#2312,#2313,#2314,#2316));
#2318=FACE_OUTER_BOUND('',#2317,.F.);
#2319=ADVANCED_FACE('',(#2318),#2310,.T.);
#2320=CARTESIAN_POINT('',(-4.55E0,-3.65E0,5.1E0));
#2321=DIRECTION('',(0.E0,0.E0,1.E0));
#2322=DIRECTION('',(0.E0,-1.E0,0.E0));
#2323=AXIS2_PLACEMENT_3D('',#2320,#2321,#2322);
#2324=PLANE('',#2323);
#2326=ORIENTED_EDGE('',*,*,#2325,.F.);
#2328=ORIENTED_EDGE('',*,*,#2327,.T.);
#2330=ORIENTED_EDGE('',*,*,#2329,.T.);
#2331=ORIENTED_EDGE('',*,*,#2284,.F.);
#2332=EDGE_LOOP('',(#2326,#2328,#2330,#2331));
#2333=FACE_OUTER_BOUND('',#2332,.F.);
#2334=ADVANCED_FACE('',(#2333),#2324,.T.);
#2335=CARTESIAN_POINT('',(-4.55E0,-3.65E0,5.1E0));
#2336=DIRECTION('',(0.E0,0.E0,1.E0));
#2337=DIRECTION('',(0.E0,-1.E0,0.E0));
#2338=AXIS2_PLACEMENT_3D('',#2335,#2336,#2337);
#2339=PLANE('',#2338);
#2340=ORIENTED_EDGE('',*,*,#2296,.T.);
#2341=ORIENTED_EDGE('',*,*,#2244,.F.);
#2343=ORIENTED_EDGE('',*,*,#2342,.F.);
#2345=ORIENTED_EDGE('',*,*,#2344,.T.);
#2346=EDGE_LOOP('',(#2340,#2341,#2343,#2345));
#2347=FACE_OUTER_BOUND('',#2346,.F.);
#2348=ADVANCED_FACE('',(#2347),#2339,.T.);
#2349=CARTESIAN_POINT('',(-2.75E0,3.95E0,-7.1E0));
#2350=DIRECTION('',(-1.E0,0.E0,0.E0));
#2351=DIRECTION('',(0.E0,0.E0,1.E0));
#2352=AXIS2_PLACEMENT_3D('',#2349,#2350,#2351);
#2353=PLANE('',#2352);
#2354=ORIENTED_EDGE('',*,*,#2259,.T.);
#2355=ORIENTED_EDGE('',*,*,#2311,.F.);
#2357=ORIENTED_EDGE('',*,*,#2356,.T.);
#2359=ORIENTED_EDGE('',*,*,#2358,.F.);
#2361=ORIENTED_EDGE('',*,*,#2360,.F.);
#2363=ORIENTED_EDGE('',*,*,#2362,.F.);
#2364=EDGE_LOOP('',(#2354,#2355,#2357,#2359,#2361,#2363));
#2365=FACE_OUTER_BOUND('',#2364,.F.);
#2366=ADVANCED_FACE('',(#2365),#2353,.F.);
#2367=CARTESIAN_POINT('',(-4.55E0,-3.65E0,7.1E0));
#2368=DIRECTION('',(0.E0,-1.E0,0.E0));
#2369=DIRECTION('',(0.E0,0.E0,-1.E0));
#2370=AXIS2_PLACEMENT_3D('',#2367,#2368,#2369);
#2371=PLANE('',#2370);
#2372=ORIENTED_EDGE('',*,*,#2327,.F.);
#2374=ORIENTED_EDGE('',*,*,#2373,.T.);
#2376=ORIENTED_EDGE('',*,*,#2375,.F.);
#2378=ORIENTED_EDGE('',*,*,#2377,.F.);
#2380=ORIENTED_EDGE('',*,*,#2379,.T.);
#2382=ORIENTED_EDGE('',*,*,#2381,.F.);
#2384=ORIENTED_EDGE('',*,*,#2383,.F.);
#2385=ORIENTED_EDGE('',*,*,#2298,.F.);
#2386=ORIENTED_EDGE('',*,*,#2344,.F.);
#2388=ORIENTED_EDGE('',*,*,#2387,.T.);
#2390=ORIENTED_EDGE('',*,*,#2389,.F.);
#2392=ORIENTED_EDGE('',*,*,#2391,.F.);
#2394=ORIENTED_EDGE('',*,*,#2393,.T.);
#2396=ORIENTED_EDGE('',*,*,#2395,.F.);
#2398=ORIENTED_EDGE('',*,*,#2397,.F.);
#2399=ORIENTED_EDGE('',*,*,#2356,.F.);
#2400=ORIENTED_EDGE('',*,*,#2315,.F.);
#2401=ORIENTED_EDGE('',*,*,#2222,.F.);
#2403=ORIENTED_EDGE('',*,*,#2402,.T.);
#2405=ORIENTED_EDGE('',*,*,#2404,.T.);
#2406=EDGE_LOOP('',(#2372,#2374,#2376,#2378,#2380,#2382,#2384,#2385,#2386,#2388,
#2390,#2392,#2394,#2396,#2398,#2399,#2400,#2401,#2403,#2405));
#2407=FACE_OUTER_BOUND('',#2406,.F.);
#2408=ADVANCED_FACE('',(#2407),#2371,.T.);
#2409=CARTESIAN_POINT('',(2.75E0,3.95E0,-5.1E0));
#2410=DIRECTION('',(1.E0,0.E0,0.E0));
#2411=DIRECTION('',(0.E0,0.E0,-1.E0));
#2412=AXIS2_PLACEMENT_3D('',#2409,#2410,#2411);
#2413=PLANE('',#2412);
#2415=ORIENTED_EDGE('',*,*,#2414,.T.);
#2416=ORIENTED_EDGE('',*,*,#2373,.F.);
#2417=ORIENTED_EDGE('',*,*,#2325,.T.);
#2418=ORIENTED_EDGE('',*,*,#2282,.T.);
#2420=ORIENTED_EDGE('',*,*,#2419,.T.);
#2422=ORIENTED_EDGE('',*,*,#2421,.T.);
#2423=EDGE_LOOP('',(#2415,#2416,#2417,#2418,#2420,#2422));
#2424=FACE_OUTER_BOUND('',#2423,.F.);
#2425=ADVANCED_FACE('',(#2424),#2413,.F.);
#2426=CARTESIAN_POINT('',(2.5E0,3.95E0,-5.1E0));
#2427=DIRECTION('',(0.E0,0.E0,1.E0));
#2428=DIRECTION('',(1.E0,0.E0,0.E0));
#2429=AXIS2_PLACEMENT_3D('',#2426,#2427,#2428);
#2430=PLANE('',#2429);
#2431=ORIENTED_EDGE('',*,*,#2375,.T.);
#2432=ORIENTED_EDGE('',*,*,#2414,.F.);
#2434=ORIENTED_EDGE('',*,*,#2433,.F.);
#2436=ORIENTED_EDGE('',*,*,#2435,.T.);
#2437=EDGE_LOOP('',(#2431,#2432,#2434,#2436));
#2438=FACE_OUTER_BOUND('',#2437,.F.);
#2439=ADVANCED_FACE('',(#2438),#2430,.F.);
#2440=CARTESIAN_POINT('',(-4.55E0,9.5E-1,-5.1E0));
#2441=DIRECTION('',(0.E0,1.E0,0.E0));
#2442=DIRECTION('',(0.E0,0.E0,1.E0));
#2443=AXIS2_PLACEMENT_3D('',#2440,#2441,#2442);
#2444=PLANE('',#2443);
#2446=ORIENTED_EDGE('',*,*,#2445,.T.);
#2448=ORIENTED_EDGE('',*,*,#2447,.F.);
#2449=ORIENTED_EDGE('',*,*,#2214,.F.);
#2451=ORIENTED_EDGE('',*,*,#2450,.T.);
#2453=ORIENTED_EDGE('',*,*,#2452,.T.);
#2454=EDGE_LOOP('',(#2446,#2448,#2449,#2451,#2453));
#2455=FACE_OUTER_BOUND('',#2454,.F.);
#2456=ADVANCED_FACE('',(#2455),#2444,.T.);
#2457=CARTESIAN_POINT('',(-4.55E0,9.5E-1,-5.1E0));
#2458=DIRECTION('',(0.E0,1.E0,0.E0));
#2459=DIRECTION('',(0.E0,0.E0,1.E0));
#2460=AXIS2_PLACEMENT_3D('',#2457,#2458,#2459);
#2461=PLANE('',#2460);
#2463=ORIENTED_EDGE('',*,*,#2462,.T.);
#2465=ORIENTED_EDGE('',*,*,#2464,.F.);
#2467=ORIENTED_EDGE('',*,*,#2466,.F.);
#2469=ORIENTED_EDGE('',*,*,#2468,.T.);
#2471=ORIENTED_EDGE('',*,*,#2470,.T.);
#2473=ORIENTED_EDGE('',*,*,#2472,.T.);
#2474=EDGE_LOOP('',(#2463,#2465,#2467,#2469,#2471,#2473));
#2475=FACE_OUTER_BOUND('',#2474,.F.);
#2476=ADVANCED_FACE('',(#2475),#2461,.T.);
#2477=CARTESIAN_POINT('',(-4.55E0,9.5E-1,-5.1E0));
#2478=DIRECTION('',(0.E0,1.E0,0.E0));
#2479=DIRECTION('',(0.E0,0.E0,1.E0));
#2480=AXIS2_PLACEMENT_3D('',#2477,#2478,#2479);
#2481=PLANE('',#2480);
#2483=ORIENTED_EDGE('',*,*,#2482,.F.);
#2484=ORIENTED_EDGE('',*,*,#2433,.T.);
#2486=ORIENTED_EDGE('',*,*,#2485,.T.);
#2488=ORIENTED_EDGE('',*,*,#2487,.T.);
#2490=ORIENTED_EDGE('',*,*,#2489,.F.);
#2491=EDGE_LOOP('',(#2483,#2484,#2486,#2488,#2490));
#2492=FACE_OUTER_BOUND('',#2491,.F.);
#2493=ADVANCED_FACE('',(#2492),#2481,.T.);
#2494=CARTESIAN_POINT('',(-2.5E0,3.95E0,-5.1E0));
#2495=DIRECTION('',(-1.E0,0.E0,0.E0));
#2496=DIRECTION('',(0.E0,0.E0,1.E0));
#2497=AXIS2_PLACEMENT_3D('',#2494,#2495,#2496);
#2498=PLANE('',#2497);
#2499=ORIENTED_EDGE('',*,*,#2395,.T.);
#2501=ORIENTED_EDGE('',*,*,#2500,.F.);
#2503=ORIENTED_EDGE('',*,*,#2502,.F.);
#2505=ORIENTED_EDGE('',*,*,#2504,.F.);
#2507=ORIENTED_EDGE('',*,*,#2506,.F.);
#2509=ORIENTED_EDGE('',*,*,#2508,.T.);
#2511=ORIENTED_EDGE('',*,*,#2510,.T.);
#2513=ORIENTED_EDGE('',*,*,#2512,.F.);
#2515=ORIENTED_EDGE('',*,*,#2514,.F.);
#2516=ORIENTED_EDGE('',*,*,#2445,.F.);
#2518=ORIENTED_EDGE('',*,*,#2517,.T.);
#2519=EDGE_LOOP('',(#2499,#2501,#2503,#2505,#2507,#2509,#2511,#2513,#2515,#2516,
#2518));
#2520=FACE_OUTER_BOUND('',#2519,.F.);
#2521=ADVANCED_FACE('',(#2520),#2498,.F.);
#2522=CARTESIAN_POINT('',(-4.55E0,9.5E-1,-3.1E0));
#2523=DIRECTION('',(0.E0,0.E0,-1.E0));
#2524=DIRECTION('',(0.E0,1.E0,0.E0));
#2525=AXIS2_PLACEMENT_3D('',#2522,#2523,#2524);
#2526=PLANE('',#2525);
#2527=ORIENTED_EDGE('',*,*,#2393,.F.);
#2529=ORIENTED_EDGE('',*,*,#2528,.F.);
#2531=ORIENTED_EDGE('',*,*,#2530,.F.);
#2532=ORIENTED_EDGE('',*,*,#2500,.T.);
#2533=EDGE_LOOP('',(#2527,#2529,#2531,#2532));
#2534=FACE_OUTER_BOUND('',#2533,.F.);
#2535=ADVANCED_FACE('',(#2534),#2526,.T.);
#2536=CARTESIAN_POINT('',(-4.55E0,9.5E-1,-3.1E0));
#2537=DIRECTION('',(0.E0,0.E0,-1.E0));
#2538=DIRECTION('',(0.E0,1.E0,0.E0));
#2539=AXIS2_PLACEMENT_3D('',#2536,#2537,#2538);
#2540=PLANE('',#2539);
#2541=ORIENTED_EDGE('',*,*,#2379,.F.);
#2543=ORIENTED_EDGE('',*,*,#2542,.F.);
#2545=ORIENTED_EDGE('',*,*,#2544,.F.);
#2547=ORIENTED_EDGE('',*,*,#2546,.T.);
#2548=EDGE_LOOP('',(#2541,#2543,#2545,#2547));
#2549=FACE_OUTER_BOUND('',#2548,.F.);
#2550=ADVANCED_FACE('',(#2549),#2540,.T.);
#2551=CARTESIAN_POINT('',(-4.55E0,9.5E-1,-3.1E0));
#2552=DIRECTION('',(0.E0,0.E0,-1.E0));
#2553=DIRECTION('',(0.E0,1.E0,0.E0));
#2554=AXIS2_PLACEMENT_3D('',#2551,#2552,#2553);
#2555=PLANE('',#2554);
#2557=ORIENTED_EDGE('',*,*,#2556,.T.);
#2559=ORIENTED_EDGE('',*,*,#2558,.F.);
#2561=ORIENTED_EDGE('',*,*,#2560,.F.);
#2562=ORIENTED_EDGE('',*,*,#2216,.F.);
#2563=ORIENTED_EDGE('',*,*,#2447,.T.);
#2564=ORIENTED_EDGE('',*,*,#2514,.T.);
#2566=ORIENTED_EDGE('',*,*,#2565,.T.);
#2568=ORIENTED_EDGE('',*,*,#2567,.F.);
#2569=ORIENTED_EDGE('',*,*,#2464,.T.);
#2571=ORIENTED_EDGE('',*,*,#2570,.T.);
#2573=ORIENTED_EDGE('',*,*,#2572,.T.);
#2575=ORIENTED_EDGE('',*,*,#2574,.F.);
#2576=ORIENTED_EDGE('',*,*,#2489,.T.);
#2578=ORIENTED_EDGE('',*,*,#2577,.T.);
#2579=EDGE_LOOP('',(#2557,#2559,#2561,#2562,#2563,#2564,#2566,#2568,#2569,#2571,
#2573,#2575,#2576,#2578));
#2580=FACE_OUTER_BOUND('',#2579,.F.);
#2581=ADVANCED_FACE('',(#2580),#2555,.T.);
#2582=CARTESIAN_POINT('',(-1.E0,3.95E0,-3.1E0));
#2583=DIRECTION('',(1.E0,0.E0,0.E0));
#2584=DIRECTION('',(0.E0,0.E0,-1.E0));
#2585=AXIS2_PLACEMENT_3D('',#2582,#2583,#2584);
#2586=PLANE('',#2585);
#2587=ORIENTED_EDGE('',*,*,#2391,.T.);
#2589=ORIENTED_EDGE('',*,*,#2588,.F.);
#2590=ORIENTED_EDGE('',*,*,#2466,.T.);
#2591=ORIENTED_EDGE('',*,*,#2567,.T.);
#2593=ORIENTED_EDGE('',*,*,#2592,.T.);
#2595=ORIENTED_EDGE('',*,*,#2594,.F.);
#2597=ORIENTED_EDGE('',*,*,#2596,.F.);
#2599=ORIENTED_EDGE('',*,*,#2598,.T.);
#2601=ORIENTED_EDGE('',*,*,#2600,.T.);
#2603=ORIENTED_EDGE('',*,*,#2602,.T.);
#2604=ORIENTED_EDGE('',*,*,#2528,.T.);
#2605=EDGE_LOOP('',(#2587,#2589,#2590,#2591,#2593,#2595,#2597,#2599,#2601,#2603,
#2604));
#2606=FACE_OUTER_BOUND('',#2605,.F.);
#2607=ADVANCED_FACE('',(#2606),#2586,.F.);
#2608=CARTESIAN_POINT('',(-1.E0,3.95E0,-5.1E0));
#2609=DIRECTION('',(0.E0,0.E0,1.E0));
#2610=DIRECTION('',(1.E0,0.E0,0.E0));
#2611=AXIS2_PLACEMENT_3D('',#2608,#2609,#2610);
#2612=PLANE('',#2611);
#2613=ORIENTED_EDGE('',*,*,#2389,.T.);
#2615=ORIENTED_EDGE('',*,*,#2614,.T.);
#2616=ORIENTED_EDGE('',*,*,#2468,.F.);
#2617=ORIENTED_EDGE('',*,*,#2588,.T.);
#2618=EDGE_LOOP('',(#2613,#2615,#2616,#2617));
#2619=FACE_OUTER_BOUND('',#2618,.F.);
#2620=ADVANCED_FACE('',(#2619),#2612,.F.);
#2621=CARTESIAN_POINT('',(-7.5E-1,9.5E-1,-5.1E0));
#2622=DIRECTION('',(9.756096928512E-1,0.E0,2.195124762167E-1));
#2623=DIRECTION('',(2.195124762167E-1,0.E0,-9.756096928512E-1));
#2624=AXIS2_PLACEMENT_3D('',#2621,#2622,#2623);
#2625=PLANE('',#2624);
#2627=ORIENTED_EDGE('',*,*,#2626,.F.);
#2628=ORIENTED_EDGE('',*,*,#2240,.T.);
#2630=ORIENTED_EDGE('',*,*,#2629,.T.);
#2632=ORIENTED_EDGE('',*,*,#2631,.T.);
#2633=ORIENTED_EDGE('',*,*,#2614,.F.);
#2634=EDGE_LOOP('',(#2627,#2628,#2630,#2632,#2633));
#2635=FACE_OUTER_BOUND('',#2634,.F.);
#2636=ADVANCED_FACE('',(#2635),#2625,.F.);
#2637=CARTESIAN_POINT('',(-7.5E-1,-3.95E0,5.1E0));
#2638=DIRECTION('',(1.E0,0.E0,0.E0));
#2639=DIRECTION('',(0.E0,1.E0,0.E0));
#2640=AXIS2_PLACEMENT_3D('',#2637,#2638,#2639);
#2641=PLANE('',#2640);
#2642=ORIENTED_EDGE('',*,*,#2342,.T.);
#2643=ORIENTED_EDGE('',*,*,#2242,.T.);
#2644=ORIENTED_EDGE('',*,*,#2626,.T.);
#2645=ORIENTED_EDGE('',*,*,#2387,.F.);
#2646=EDGE_LOOP('',(#2642,#2643,#2644,#2645));
#2647=FACE_OUTER_BOUND('',#2646,.F.);
#2648=ADVANCED_FACE('',(#2647),#2641,.F.);
#2649=CARTESIAN_POINT('',(-4.55E0,-3.95E0,-7.1E0));
#2650=DIRECTION('',(0.E0,0.E0,-1.E0));
#2651=DIRECTION('',(0.E0,1.E0,0.E0));
#2652=AXIS2_PLACEMENT_3D('',#2649,#2650,#2651);
#2653=PLANE('',#2652);
#2654=ORIENTED_EDGE('',*,*,#2362,.T.);
#2656=ORIENTED_EDGE('',*,*,#2655,.F.);
#2657=ORIENTED_EDGE('',*,*,#2210,.F.);
#2658=ORIENTED_EDGE('',*,*,#2261,.T.);
#2659=EDGE_LOOP('',(#2654,#2656,#2657,#2658));
#2660=FACE_OUTER_BOUND('',#2659,.F.);
#2661=ADVANCED_FACE('',(#2660),#2653,.T.);
#2662=CARTESIAN_POINT('',(-4.55E0,-3.95E0,-7.1E0));
#2663=DIRECTION('',(0.E0,0.E0,-1.E0));
#2664=DIRECTION('',(0.E0,1.E0,0.E0));
#2665=AXIS2_PLACEMENT_3D('',#2662,#2663,#2664);
#2666=PLANE('',#2665);
#2667=ORIENTED_EDGE('',*,*,#2419,.F.);
#2668=ORIENTED_EDGE('',*,*,#2280,.T.);
#2670=ORIENTED_EDGE('',*,*,#2669,.T.);
#2672=ORIENTED_EDGE('',*,*,#2671,.F.);
#2673=EDGE_LOOP('',(#2667,#2668,#2670,#2672));
#2674=FACE_OUTER_BOUND('',#2673,.F.);
#2675=ADVANCED_FACE('',(#2674),#2666,.T.);
#2676=CARTESIAN_POINT('',(-4.55E0,-3.95E0,-7.1E0));
#2677=DIRECTION('',(0.E0,0.E0,-1.E0));
#2678=DIRECTION('',(0.E0,1.E0,0.E0));
#2679=AXIS2_PLACEMENT_3D('',#2676,#2677,#2678);
#2680=PLANE('',#2679);
#2681=ORIENTED_EDGE('',*,*,#2629,.F.);
#2682=ORIENTED_EDGE('',*,*,#2238,.T.);
#2684=ORIENTED_EDGE('',*,*,#2683,.T.);
#2686=ORIENTED_EDGE('',*,*,#2685,.F.);
#2687=EDGE_LOOP('',(#2681,#2682,#2684,#2686));
#2688=FACE_OUTER_BOUND('',#2687,.F.);
#2689=ADVANCED_FACE('',(#2688),#2680,.T.);
#2690=CARTESIAN_POINT('',(-4.55E0,-9.5E-1,-7.1E0));
#2691=DIRECTION('',(0.E0,7.249994335944E-1,-6.887494619147E-1));
#2692=DIRECTION('',(0.E0,6.887494619147E-1,7.249994335944E-1));
#2693=AXIS2_PLACEMENT_3D('',#2690,#2691,#2692);
#2694=PLANE('',#2693);
#2695=ORIENTED_EDGE('',*,*,#2360,.T.);
#2696=ORIENTED_EDGE('',*,*,#2450,.F.);
#2697=ORIENTED_EDGE('',*,*,#2212,.F.);
#2698=ORIENTED_EDGE('',*,*,#2655,.T.);
#2699=EDGE_LOOP('',(#2695,#2696,#2697,#2698));
#2700=FACE_OUTER_BOUND('',#2699,.F.);
#2701=ADVANCED_FACE('',(#2700),#2694,.T.);
#2702=CARTESIAN_POINT('',(-4.55E0,-9.5E-1,-7.1E0));
#2703=DIRECTION('',(0.E0,7.249994335944E-1,-6.887494619147E-1));
#2704=DIRECTION('',(0.E0,6.887494619147E-1,7.249994335944E-1));
#2705=AXIS2_PLACEMENT_3D('',#2702,#2703,#2704);
#2706=PLANE('',#2705);
#2707=ORIENTED_EDGE('',*,*,#2421,.F.);
#2708=ORIENTED_EDGE('',*,*,#2671,.T.);
#2710=ORIENTED_EDGE('',*,*,#2709,.T.);
#2711=ORIENTED_EDGE('',*,*,#2485,.F.);
#2712=EDGE_LOOP('',(#2707,#2708,#2710,#2711));
#2713=FACE_OUTER_BOUND('',#2712,.F.);
#2714=ADVANCED_FACE('',(#2713),#2706,.T.);
#2715=CARTESIAN_POINT('',(-4.55E0,-9.5E-1,-7.1E0));
#2716=DIRECTION('',(0.E0,7.249994335944E-1,-6.887494619147E-1));
#2717=DIRECTION('',(0.E0,6.887494619147E-1,7.249994335944E-1));
#2718=AXIS2_PLACEMENT_3D('',#2715,#2716,#2717);
#2719=PLANE('',#2718);
#2720=ORIENTED_EDGE('',*,*,#2631,.F.);
#2721=ORIENTED_EDGE('',*,*,#2685,.T.);
#2723=ORIENTED_EDGE('',*,*,#2722,.T.);
#2724=ORIENTED_EDGE('',*,*,#2470,.F.);
#2725=EDGE_LOOP('',(#2720,#2721,#2723,#2724));
#2726=FACE_OUTER_BOUND('',#2725,.F.);
#2727=ADVANCED_FACE('',(#2726),#2719,.T.);
#2728=CARTESIAN_POINT('',(4.55E0,0.E0,0.E0));
#2729=DIRECTION('',(1.E0,0.E0,0.E0));
#2730=DIRECTION('',(0.E0,0.E0,-1.E0));
#2731=AXIS2_PLACEMENT_3D('',#2728,#2729,#2730);
#2732=PLANE('',#2731);
#2734=ORIENTED_EDGE('',*,*,#2733,.T.);
#2736=ORIENTED_EDGE('',*,*,#2735,.T.);
#2737=ORIENTED_EDGE('',*,*,#2577,.F.);
#2738=ORIENTED_EDGE('',*,*,#2487,.F.);
#2739=ORIENTED_EDGE('',*,*,#2709,.F.);
#2740=ORIENTED_EDGE('',*,*,#2669,.F.);
#2741=ORIENTED_EDGE('',*,*,#2278,.F.);
#2742=ORIENTED_EDGE('',*,*,#2286,.F.);
#2743=ORIENTED_EDGE('',*,*,#2329,.F.);
#2744=ORIENTED_EDGE('',*,*,#2404,.F.);
#2746=ORIENTED_EDGE('',*,*,#2745,.F.);
#2748=ORIENTED_EDGE('',*,*,#2747,.F.);
#2749=EDGE_LOOP('',(#2734,#2736,#2737,#2738,#2739,#2740,#2741,#2742,#2743,#2744,
#2746,#2748));
#2750=FACE_OUTER_BOUND('',#2749,.F.);
#2751=ADVANCED_FACE('',(#2750),#2732,.T.);
#2752=CARTESIAN_POINT('',(-4.55E0,9.5E-1,-2.1E0));
#2753=DIRECTION('',(0.E0,0.E0,-1.E0));
#2754=DIRECTION('',(-1.E0,0.E0,0.E0));
#2755=AXIS2_PLACEMENT_3D('',#2752,#2753,#2754);
#2756=PLANE('',#2755);
#2757=ORIENTED_EDGE('',*,*,#2733,.F.);
#2759=ORIENTED_EDGE('',*,*,#2758,.T.);
#2761=ORIENTED_EDGE('',*,*,#2760,.F.);
#2763=ORIENTED_EDGE('',*,*,#2762,.F.);
#2764=EDGE_LOOP('',(#2757,#2759,#2761,#2763));
#2765=FACE_OUTER_BOUND('',#2764,.F.);
#2766=ADVANCED_FACE('',(#2765),#2756,.T.);
#2767=CARTESIAN_POINT('',(-4.55E0,3.95E0,-3.1E0));
#2768=DIRECTION('',(0.E0,1.E0,0.E0));
#2769=DIRECTION('',(0.E0,0.E0,1.E0));
#2770=AXIS2_PLACEMENT_3D('',#2767,#2768,#2769);
#2771=PLANE('',#2770);
#2772=ORIENTED_EDGE('',*,*,#2758,.F.);
#2773=ORIENTED_EDGE('',*,*,#2747,.T.);
#2775=ORIENTED_EDGE('',*,*,#2774,.F.);
#2777=ORIENTED_EDGE('',*,*,#2776,.T.);
#2779=ORIENTED_EDGE('',*,*,#2778,.T.);
#2781=ORIENTED_EDGE('',*,*,#2780,.F.);
#2783=ORIENTED_EDGE('',*,*,#2782,.F.);
#2785=ORIENTED_EDGE('',*,*,#2784,.T.);
#2787=ORIENTED_EDGE('',*,*,#2786,.F.);
#2789=ORIENTED_EDGE('',*,*,#2788,.F.);
#2791=ORIENTED_EDGE('',*,*,#2790,.F.);
#2793=ORIENTED_EDGE('',*,*,#2792,.T.);
#2795=ORIENTED_EDGE('',*,*,#2794,.T.);
#2797=ORIENTED_EDGE('',*,*,#2796,.F.);
#2799=ORIENTED_EDGE('',*,*,#2798,.F.);
#2800=ORIENTED_EDGE('',*,*,#2218,.F.);
#2801=ORIENTED_EDGE('',*,*,#2560,.T.);
#2803=ORIENTED_EDGE('',*,*,#2802,.T.);
#2804=EDGE_LOOP('',(#2772,#2773,#2775,#2777,#2779,#2781,#2783,#2785,#2787,#2789,
#2791,#2793,#2795,#2797,#2799,#2800,#2801,#2803));
#2805=FACE_OUTER_BOUND('',#2804,.F.);
#2806=ADVANCED_FACE('',(#2805),#2771,.T.);
#2807=CARTESIAN_POINT('',(-4.55E0,3.95E0,7.1E0));
#2808=DIRECTION('',(0.E0,0.E0,1.E0));
#2809=DIRECTION('',(0.E0,-1.E0,0.E0));
#2810=AXIS2_PLACEMENT_3D('',#2807,#2808,#2809);
#2811=PLANE('',#2810);
#2813=ORIENTED_EDGE('',*,*,#2812,.T.);
#2815=ORIENTED_EDGE('',*,*,#2814,.F.);
#2817=ORIENTED_EDGE('',*,*,#2816,.F.);
#2819=ORIENTED_EDGE('',*,*,#2818,.T.);
#2821=ORIENTED_EDGE('',*,*,#2820,.T.);
#2823=ORIENTED_EDGE('',*,*,#2822,.F.);
#2825=ORIENTED_EDGE('',*,*,#2824,.F.);
#2826=ORIENTED_EDGE('',*,*,#2774,.T.);
#2827=ORIENTED_EDGE('',*,*,#2745,.T.);
#2828=ORIENTED_EDGE('',*,*,#2402,.F.);
#2829=ORIENTED_EDGE('',*,*,#2220,.F.);
#2830=ORIENTED_EDGE('',*,*,#2798,.T.);
#2831=EDGE_LOOP('',(#2813,#2815,#2817,#2819,#2821,#2823,#2825,#2826,#2827,#2828,
#2829,#2830));
#2832=FACE_OUTER_BOUND('',#2831,.F.);
#2833=ADVANCED_FACE('',(#2832),#2811,.T.);
#2834=CARTESIAN_POINT('',(-4.55E0,3.95E0,7.1E0));
#2835=DIRECTION('',(0.E0,0.E0,1.E0));
#2836=DIRECTION('',(0.E0,-1.E0,0.E0));
#2837=AXIS2_PLACEMENT_3D('',#2834,#2835,#2836);
#2838=PLANE('',#2837);
#2840=ORIENTED_EDGE('',*,*,#2839,.T.);
#2842=ORIENTED_EDGE('',*,*,#2841,.T.);
#2844=ORIENTED_EDGE('',*,*,#2843,.F.);
#2846=ORIENTED_EDGE('',*,*,#2845,.F.);
#2847=EDGE_LOOP('',(#2840,#2842,#2844,#2846));
#2848=FACE_OUTER_BOUND('',#2847,.F.);
#2849=ADVANCED_FACE('',(#2848),#2838,.T.);
#2850=CARTESIAN_POINT('',(-3.05E0,3.95E0,6.5E-1));
#2851=DIRECTION('',(-1.E0,0.E0,0.E0));
#2852=DIRECTION('',(0.E0,0.E0,1.E0));
#2853=AXIS2_PLACEMENT_3D('',#2850,#2851,#2852);
#2854=PLANE('',#2853);
#2855=ORIENTED_EDGE('',*,*,#2812,.F.);
#2856=ORIENTED_EDGE('',*,*,#2796,.T.);
#2858=ORIENTED_EDGE('',*,*,#2857,.T.);
#2860=ORIENTED_EDGE('',*,*,#2859,.F.);
#2862=ORIENTED_EDGE('',*,*,#2861,.F.);
#2863=EDGE_LOOP('',(#2855,#2856,#2858,#2860,#2862));
#2864=FACE_OUTER_BOUND('',#2863,.F.);
#2865=ADVANCED_FACE('',(#2864),#2854,.F.);
#2866=CARTESIAN_POINT('',(-2.5E0,3.95E0,6.5E-1));
#2867=DIRECTION('',(0.E0,1.E0,0.E0));
#2868=DIRECTION('',(1.E0,0.E0,0.E0));
#2869=AXIS2_PLACEMENT_3D('',#2866,#2867,#2868);
#2870=CYLINDRICAL_SURFACE('',#2869,5.5E-1);
#2871=ORIENTED_EDGE('',*,*,#2794,.F.);
#2873=ORIENTED_EDGE('',*,*,#2872,.T.);
#2875=ORIENTED_EDGE('',*,*,#2874,.T.);
#2876=ORIENTED_EDGE('',*,*,#2857,.F.);
#2877=EDGE_LOOP('',(#2871,#2873,#2875,#2876));
#2878=FACE_OUTER_BOUND('',#2877,.F.);
#2879=ADVANCED_FACE('',(#2878),#2870,.F.);
#2880=CARTESIAN_POINT('',(-1.95E0,3.95E0,7.1E0));
#2881=DIRECTION('',(1.E0,0.E0,0.E0));
#2882=DIRECTION('',(0.E0,0.E0,-1.E0));
#2883=AXIS2_PLACEMENT_3D('',#2880,#2881,#2882);
#2884=PLANE('',#2883);
#2886=ORIENTED_EDGE('',*,*,#2885,.F.);
#2887=ORIENTED_EDGE('',*,*,#2845,.T.);
#2889=ORIENTED_EDGE('',*,*,#2888,.T.);
#2890=ORIENTED_EDGE('',*,*,#2872,.F.);
#2891=ORIENTED_EDGE('',*,*,#2792,.F.);
#2892=EDGE_LOOP('',(#2886,#2887,#2889,#2890,#2891));
#2893=FACE_OUTER_BOUND('',#2892,.F.);
#2894=ADVANCED_FACE('',(#2893),#2884,.F.);
#2895=CARTESIAN_POINT('',(1.95E0,3.8E0,7.1E0));
#2896=DIRECTION('',(0.E0,-9.578262852212E-1,-2.873478855663E-1));
#2897=DIRECTION('',(0.E0,2.873478855663E-1,-9.578262852212E-1));
#2898=AXIS2_PLACEMENT_3D('',#2895,#2896,#2897);
#2899=PLANE('',#2898);
#2900=ORIENTED_EDGE('',*,*,#2790,.T.);
#2902=ORIENTED_EDGE('',*,*,#2901,.T.);
#2903=ORIENTED_EDGE('',*,*,#2782,.T.);
#2905=ORIENTED_EDGE('',*,*,#2904,.F.);
#2906=ORIENTED_EDGE('',*,*,#2839,.F.);
#2907=ORIENTED_EDGE('',*,*,#2885,.T.);
#2908=EDGE_LOOP('',(#2900,#2902,#2903,#2905,#2906,#2907));
#2909=FACE_OUTER_BOUND('',#2908,.F.);
#2910=ADVANCED_FACE('',(#2909),#2899,.F.);
#2911=CARTESIAN_POINT('',(-4.75E-1,3.95E0,6.6125E0));
#2912=DIRECTION('',(0.E0,-1.E0,0.E0));
#2913=DIRECTION('',(0.E0,0.E0,-1.E0));
#2914=AXIS2_PLACEMENT_3D('',#2911,#2912,#2913);
#2915=PLANE('',#2914);
#2916=ORIENTED_EDGE('',*,*,#2901,.F.);
#2918=ORIENTED_EDGE('',*,*,#2917,.F.);
#2920=ORIENTED_EDGE('',*,*,#2919,.T.);
#2922=ORIENTED_EDGE('',*,*,#2921,.T.);
#2923=EDGE_LOOP('',(#2916,#2918,#2920,#2922));
#2924=FACE_OUTER_BOUND('',#2923,.F.);
#2925=ADVANCED_FACE('',(#2924),#2915,.T.);
#2926=CARTESIAN_POINT('',(-4.75E-1,0.E0,0.E0));
#2927=DIRECTION('',(1.E0,0.E0,0.E0));
#2928=DIRECTION('',(0.E0,0.E0,-1.E0));
#2929=AXIS2_PLACEMENT_3D('',#2926,#2927,#2928);
#2930=PLANE('',#2929);
#2931=ORIENTED_EDGE('',*,*,#2788,.T.);
#2933=ORIENTED_EDGE('',*,*,#2932,.T.);
#2935=ORIENTED_EDGE('',*,*,#2934,.T.);
#2937=ORIENTED_EDGE('',*,*,#2936,.T.);
#2938=ORIENTED_EDGE('',*,*,#2917,.T.);
#2939=EDGE_LOOP('',(#2931,#2933,#2935,#2937,#2938));
#2940=FACE_OUTER_BOUND('',#2939,.F.);
#2941=ADVANCED_FACE('',(#2940),#2930,.F.);
#2942=CARTESIAN_POINT('',(-4.75E-1,3.95E0,3.8E0));
#2943=DIRECTION('',(0.E0,0.E0,-1.E0));
#2944=DIRECTION('',(0.E0,1.E0,0.E0));
#2945=AXIS2_PLACEMENT_3D('',#2942,#2943,#2944);
#2946=PLANE('',#2945);
#2947=ORIENTED_EDGE('',*,*,#2786,.T.);
#2949=ORIENTED_EDGE('',*,*,#2948,.T.);
#2951=ORIENTED_EDGE('',*,*,#2950,.F.);
#2952=ORIENTED_EDGE('',*,*,#2932,.F.);
#2953=EDGE_LOOP('',(#2947,#2949,#2951,#2952));
#2954=FACE_OUTER_BOUND('',#2953,.F.);
#2955=ADVANCED_FACE('',(#2954),#2946,.T.);
#2956=CARTESIAN_POINT('',(4.75E-1,0.E0,0.E0));
#2957=DIRECTION('',(1.E0,0.E0,0.E0));
#2958=DIRECTION('',(0.E0,0.E0,-1.E0));
#2959=AXIS2_PLACEMENT_3D('',#2956,#2957,#2958);
#2960=PLANE('',#2959);
#2961=ORIENTED_EDGE('',*,*,#2784,.F.);
#2962=ORIENTED_EDGE('',*,*,#2921,.F.);
#2964=ORIENTED_EDGE('',*,*,#2963,.F.);
#2966=ORIENTED_EDGE('',*,*,#2965,.F.);
#2967=ORIENTED_EDGE('',*,*,#2948,.F.);
#2968=EDGE_LOOP('',(#2961,#2962,#2964,#2966,#2967));
#2969=FACE_OUTER_BOUND('',#2968,.F.);
#2970=ADVANCED_FACE('',(#2969),#2960,.T.);
#2971=CARTESIAN_POINT('',(-4.75E-1,4.6E0,4.5E0));
#2972=DIRECTION('',(0.E0,9.557790087220E-1,2.940858488375E-1));
#2973=DIRECTION('',(0.E0,-2.940858488375E-1,9.557790087220E-1));
#2974=AXIS2_PLACEMENT_3D('',#2971,#2972,#2973);
#2975=PLANE('',#2974);
#2976=ORIENTED_EDGE('',*,*,#2936,.F.);
#2978=ORIENTED_EDGE('',*,*,#2977,.T.);
#2979=ORIENTED_EDGE('',*,*,#2963,.T.);
#2980=ORIENTED_EDGE('',*,*,#2919,.F.);
#2981=EDGE_LOOP('',(#2976,#2978,#2979,#2980));
#2982=FACE_OUTER_BOUND('',#2981,.F.);
#2983=ADVANCED_FACE('',(#2982),#2975,.T.);
#2984=CARTESIAN_POINT('',(-4.75E-1,4.6E0,3.8E0));
#2985=DIRECTION('',(0.E0,1.E0,0.E0));
#2986=DIRECTION('',(0.E0,0.E0,1.E0));
#2987=AXIS2_PLACEMENT_3D('',#2984,#2985,#2986);
#2988=PLANE('',#2987);
#2989=ORIENTED_EDGE('',*,*,#2934,.F.);
#2990=ORIENTED_EDGE('',*,*,#2950,.T.);
#2991=ORIENTED_EDGE('',*,*,#2965,.T.);
#2992=ORIENTED_EDGE('',*,*,#2977,.F.);
#2993=EDGE_LOOP('',(#2989,#2990,#2991,#2992));
#2994=FACE_OUTER_BOUND('',#2993,.F.);
#2995=ADVANCED_FACE('',(#2994),#2988,.T.);
#2996=CARTESIAN_POINT('',(1.95E0,3.95E0,9.5E-1));
#2997=DIRECTION('',(-1.E0,0.E0,0.E0));
#2998=DIRECTION('',(0.E0,0.E0,1.E0));
#2999=AXIS2_PLACEMENT_3D('',#2996,#2997,#2998);
#3000=PLANE('',#2999);
#3001=ORIENTED_EDGE('',*,*,#2904,.T.);
#3002=ORIENTED_EDGE('',*,*,#2780,.T.);
#3004=ORIENTED_EDGE('',*,*,#3003,.T.);
#3006=ORIENTED_EDGE('',*,*,#3005,.F.);
#3007=ORIENTED_EDGE('',*,*,#2841,.F.);
#3008=EDGE_LOOP('',(#3001,#3002,#3004,#3006,#3007));
#3009=FACE_OUTER_BOUND('',#3008,.F.);
#3010=ADVANCED_FACE('',(#3009),#3000,.F.);
#3011=CARTESIAN_POINT('',(2.5E0,3.95E0,9.5E-1));
#3012=DIRECTION('',(0.E0,1.E0,0.E0));
#3013=DIRECTION('',(1.E0,0.E0,0.E0));
#3014=AXIS2_PLACEMENT_3D('',#3011,#3012,#3013);
#3015=CYLINDRICAL_SURFACE('',#3014,5.5E-1);
#3016=ORIENTED_EDGE('',*,*,#2778,.F.);
#3018=ORIENTED_EDGE('',*,*,#3017,.T.);
#3020=ORIENTED_EDGE('',*,*,#3019,.T.);
#3021=ORIENTED_EDGE('',*,*,#3003,.F.);
#3022=EDGE_LOOP('',(#3016,#3018,#3020,#3021));
#3023=FACE_OUTER_BOUND('',#3022,.F.);
#3024=ADVANCED_FACE('',(#3023),#3015,.F.);
#3025=CARTESIAN_POINT('',(3.05E0,3.95E0,7.1E0));
#3026=DIRECTION('',(1.E0,0.E0,0.E0));
#3027=DIRECTION('',(0.E0,0.E0,-1.E0));
#3028=AXIS2_PLACEMENT_3D('',#3025,#3026,#3027);
#3029=PLANE('',#3028);
#3030=ORIENTED_EDGE('',*,*,#2824,.T.);
#3032=ORIENTED_EDGE('',*,*,#3031,.T.);
#3034=ORIENTED_EDGE('',*,*,#3033,.T.);
#3035=ORIENTED_EDGE('',*,*,#3017,.F.);
#3036=ORIENTED_EDGE('',*,*,#2776,.F.);
#3037=EDGE_LOOP('',(#3030,#3032,#3034,#3035,#3036));
#3038=FACE_OUTER_BOUND('',#3037,.F.);
#3039=ADVANCED_FACE('',(#3038),#3029,.F.);
#3040=CARTESIAN_POINT('',(3.05E0,3.5E0,7.1E0));
#3041=DIRECTION('',(0.E0,9.578262852212E-1,-2.873478855663E-1));
#3042=DIRECTION('',(1.E0,0.E0,0.E0));
#3043=AXIS2_PLACEMENT_3D('',#3040,#3041,#3042);
#3044=PLANE('',#3043);
#3045=ORIENTED_EDGE('',*,*,#2822,.T.);
#3047=ORIENTED_EDGE('',*,*,#3046,.T.);
#3049=ORIENTED_EDGE('',*,*,#3048,.F.);
#3050=ORIENTED_EDGE('',*,*,#3031,.F.);
#3051=EDGE_LOOP('',(#3045,#3047,#3049,#3050));
#3052=FACE_OUTER_BOUND('',#3051,.F.);
#3053=ADVANCED_FACE('',(#3052),#3044,.F.);
#3054=CARTESIAN_POINT('',(4.E0,-2.85E0,7.1E0));
#3055=DIRECTION('',(-9.578262852212E-1,0.E0,2.873478855663E-1));
#3056=DIRECTION('',(0.E0,1.E0,0.E0));
#3057=AXIS2_PLACEMENT_3D('',#3054,#3055,#3056);
#3058=PLANE('',#3057);
#3059=ORIENTED_EDGE('',*,*,#2820,.F.);
#3061=ORIENTED_EDGE('',*,*,#3060,.T.);
#3063=ORIENTED_EDGE('',*,*,#3062,.T.);
#3064=ORIENTED_EDGE('',*,*,#3046,.F.);
#3065=EDGE_LOOP('',(#3059,#3061,#3063,#3064));
#3066=FACE_OUTER_BOUND('',#3065,.F.);
#3067=ADVANCED_FACE('',(#3066),#3058,.T.);
#3068=CARTESIAN_POINT('',(-3.85E0,-3.E0,7.1E0));
#3069=DIRECTION('',(0.E0,9.578262852212E-1,2.873478855663E-1));
#3070=DIRECTION('',(1.E0,0.E0,0.E0));
#3071=AXIS2_PLACEMENT_3D('',#3068,#3069,#3070);
#3072=PLANE('',#3071);
#3073=ORIENTED_EDGE('',*,*,#2818,.F.);
#3075=ORIENTED_EDGE('',*,*,#3074,.T.);
#3077=ORIENTED_EDGE('',*,*,#3076,.T.);
#3078=ORIENTED_EDGE('',*,*,#3060,.F.);
#3079=EDGE_LOOP('',(#3073,#3075,#3077,#3078));
#3080=FACE_OUTER_BOUND('',#3079,.F.);
#3081=ADVANCED_FACE('',(#3080),#3072,.T.);
#3082=CARTESIAN_POINT('',(-4.E0,-2.85E0,7.1E0));
#3083=DIRECTION('',(-9.578262852212E-1,0.E0,-2.873478855663E-1));
#3084=DIRECTION('',(0.E0,1.E0,0.E0));
#3085=AXIS2_PLACEMENT_3D('',#3082,#3083,#3084);
#3086=PLANE('',#3085);
#3087=ORIENTED_EDGE('',*,*,#2816,.T.);
#3089=ORIENTED_EDGE('',*,*,#3088,.T.);
#3091=ORIENTED_EDGE('',*,*,#3090,.F.);
#3092=ORIENTED_EDGE('',*,*,#3074,.F.);
#3093=EDGE_LOOP('',(#3087,#3089,#3091,#3092));
#3094=FACE_OUTER_BOUND('',#3093,.F.);
#3095=ADVANCED_FACE('',(#3094),#3086,.F.);
#3096=CARTESIAN_POINT('',(-3.85E0,3.5E0,7.1E0));
#3097=DIRECTION('',(0.E0,9.578262852212E-1,-2.873478855663E-1));
#3098=DIRECTION('',(1.E0,0.E0,0.E0));
#3099=AXIS2_PLACEMENT_3D('',#3096,#3097,#3098);
#3100=PLANE('',#3099);
#3101=ORIENTED_EDGE('',*,*,#2814,.T.);
#3102=ORIENTED_EDGE('',*,*,#2861,.T.);
#3104=ORIENTED_EDGE('',*,*,#3103,.F.);
#3105=ORIENTED_EDGE('',*,*,#3088,.F.);
#3106=EDGE_LOOP('',(#3101,#3102,#3104,#3105));
#3107=FACE_OUTER_BOUND('',#3106,.F.);
#3108=ADVANCED_FACE('',(#3107),#3100,.F.);
#3109=CARTESIAN_POINT('',(3.85E0,3.35E0,-4.E-1));
#3110=DIRECTION('',(0.E0,1.E0,0.E0));
#3111=DIRECTION('',(0.E0,0.E0,1.E0));
#3112=AXIS2_PLACEMENT_3D('',#3109,#3110,#3111);
#3113=PLANE('',#3112);
#3114=ORIENTED_EDGE('',*,*,#2859,.T.);
#3115=ORIENTED_EDGE('',*,*,#2874,.F.);
#3116=ORIENTED_EDGE('',*,*,#2888,.F.);
#3117=ORIENTED_EDGE('',*,*,#2843,.T.);
#3118=ORIENTED_EDGE('',*,*,#3005,.T.);
#3119=ORIENTED_EDGE('',*,*,#3019,.F.);
#3120=ORIENTED_EDGE('',*,*,#3033,.F.);
#3121=ORIENTED_EDGE('',*,*,#3048,.T.);
#3123=ORIENTED_EDGE('',*,*,#3122,.F.);
#3125=ORIENTED_EDGE('',*,*,#3124,.T.);
#3127=ORIENTED_EDGE('',*,*,#3126,.T.);
#3128=ORIENTED_EDGE('',*,*,#3103,.T.);
#3129=EDGE_LOOP('',(#3114,#3115,#3116,#3117,#3118,#3119,#3120,#3121,#3123,#3125,
#3127,#3128));
#3130=FACE_OUTER_BOUND('',#3129,.F.);
#3131=ADVANCED_FACE('',(#3130),#3113,.F.);
#3132=CARTESIAN_POINT('',(3.85E0,0.E0,0.E0));
#3133=DIRECTION('',(1.E0,0.E0,0.E0));
#3134=DIRECTION('',(0.E0,0.E0,-1.E0));
#3135=AXIS2_PLACEMENT_3D('',#3132,#3133,#3134);
#3136=PLANE('',#3135);
#3137=ORIENTED_EDGE('',*,*,#3062,.F.);
#3139=ORIENTED_EDGE('',*,*,#3138,.T.);
#3141=ORIENTED_EDGE('',*,*,#3140,.T.);
#3143=ORIENTED_EDGE('',*,*,#3142,.T.);
#3145=ORIENTED_EDGE('',*,*,#3144,.T.);
#3146=ORIENTED_EDGE('',*,*,#3122,.T.);
#3147=EDGE_LOOP('',(#3137,#3139,#3141,#3143,#3145,#3146));
#3148=FACE_OUTER_BOUND('',#3147,.F.);
#3149=ADVANCED_FACE('',(#3148),#3136,.F.);
#3150=CARTESIAN_POINT('',(3.85E0,-2.85E0,7.1E0));
#3151=DIRECTION('',(0.E0,-1.E0,0.E0));
#3152=DIRECTION('',(0.E0,0.E0,-1.E0));
#3153=AXIS2_PLACEMENT_3D('',#3150,#3151,#3152);
#3154=PLANE('',#3153);
#3155=ORIENTED_EDGE('',*,*,#3076,.F.);
#3157=ORIENTED_EDGE('',*,*,#3156,.T.);
#3159=ORIENTED_EDGE('',*,*,#3158,.F.);
#3160=ORIENTED_EDGE('',*,*,#3138,.F.);
#3161=EDGE_LOOP('',(#3155,#3157,#3159,#3160));
#3162=FACE_OUTER_BOUND('',#3161,.F.);
#3163=ADVANCED_FACE('',(#3162),#3154,.F.);
#3164=CARTESIAN_POINT('',(-3.85E0,0.E0,0.E0));
#3165=DIRECTION('',(1.E0,0.E0,0.E0));
#3166=DIRECTION('',(0.E0,0.E0,-1.E0));
#3167=AXIS2_PLACEMENT_3D('',#3164,#3165,#3166);
#3168=PLANE('',#3167);
#3169=ORIENTED_EDGE('',*,*,#3090,.T.);
#3170=ORIENTED_EDGE('',*,*,#3126,.F.);
#3172=ORIENTED_EDGE('',*,*,#3171,.F.);
#3174=ORIENTED_EDGE('',*,*,#3173,.F.);
#3176=ORIENTED_EDGE('',*,*,#3175,.F.);
#3177=ORIENTED_EDGE('',*,*,#3156,.F.);
#3178=EDGE_LOOP('',(#3169,#3170,#3172,#3174,#3176,#3177));
#3179=FACE_OUTER_BOUND('',#3178,.F.);
#3180=ADVANCED_FACE('',(#3179),#3168,.T.);
#3181=CARTESIAN_POINT('',(3.85E0,2.05E0,-4.E-1));
#3182=DIRECTION('',(0.E0,0.E0,-1.E0));
#3183=DIRECTION('',(0.E0,1.E0,0.E0));
#3184=AXIS2_PLACEMENT_3D('',#3181,#3182,#3183);
#3185=PLANE('',#3184);
#3187=ORIENTED_EDGE('',*,*,#3186,.T.);
#3189=ORIENTED_EDGE('',*,*,#3188,.F.);
#3191=ORIENTED_EDGE('',*,*,#3190,.F.);
#3193=ORIENTED_EDGE('',*,*,#3192,.T.);
#3195=ORIENTED_EDGE('',*,*,#3194,.T.);
#3197=ORIENTED_EDGE('',*,*,#3196,.F.);
#3199=ORIENTED_EDGE('',*,*,#3198,.F.);
#3201=ORIENTED_EDGE('',*,*,#3200,.T.);
#3202=ORIENTED_EDGE('',*,*,#3171,.T.);
#3203=ORIENTED_EDGE('',*,*,#3124,.F.);
#3204=ORIENTED_EDGE('',*,*,#3144,.F.);
#3206=ORIENTED_EDGE('',*,*,#3205,.T.);
#3207=EDGE_LOOP('',(#3187,#3189,#3191,#3193,#3195,#3197,#3199,#3201,#3202,#3203,
#3204,#3206));
#3208=FACE_OUTER_BOUND('',#3207,.F.);
#3209=ADVANCED_FACE('',(#3208),#3185,.F.);
#3210=CARTESIAN_POINT('',(2.7E0,2.05E0,-4.E-1));
#3211=DIRECTION('',(-7.071067811865E-1,0.E0,7.071067811865E-1));
#3212=DIRECTION('',(0.E0,1.E0,0.E0));
#3213=AXIS2_PLACEMENT_3D('',#3210,#3211,#3212);
#3214=PLANE('',#3213);
#3215=ORIENTED_EDGE('',*,*,#3186,.F.);
#3217=ORIENTED_EDGE('',*,*,#3216,.T.);
#3219=ORIENTED_EDGE('',*,*,#3218,.T.);
#3221=ORIENTED_EDGE('',*,*,#3220,.F.);
#3222=EDGE_LOOP('',(#3215,#3217,#3219,#3221));
#3223=FACE_OUTER_BOUND('',#3222,.F.);
#3224=ADVANCED_FACE('',(#3223),#3214,.T.);
#3225=CARTESIAN_POINT('',(3.85E0,2.05E0,-2.E-1));
#3226=DIRECTION('',(0.E0,-1.E0,0.E0));
#3227=DIRECTION('',(0.E0,0.E0,-1.E0));
#3228=AXIS2_PLACEMENT_3D('',#3225,#3226,#3227);
#3229=PLANE('',#3228);
#3231=ORIENTED_EDGE('',*,*,#3230,.F.);
#3233=ORIENTED_EDGE('',*,*,#3232,.T.);
#3234=ORIENTED_EDGE('',*,*,#3173,.T.);
#3235=ORIENTED_EDGE('',*,*,#3200,.F.);
#3237=ORIENTED_EDGE('',*,*,#3236,.T.);
#3238=ORIENTED_EDGE('',*,*,#2508,.F.);
#3239=EDGE_LOOP('',(#3231,#3233,#3234,#3235,#3237,#3238));
#3240=FACE_OUTER_BOUND('',#3239,.F.);
#3241=ADVANCED_FACE('',(#3240),#3229,.F.);
#3242=CARTESIAN_POINT('',(3.85E0,2.05E0,-2.E-1));
#3243=DIRECTION('',(0.E0,-1.E0,0.E0));
#3244=DIRECTION('',(0.E0,0.E0,-1.E0));
#3245=AXIS2_PLACEMENT_3D('',#3242,#3243,#3244);
#3246=PLANE('',#3245);
#3248=ORIENTED_EDGE('',*,*,#3247,.T.);
#3250=ORIENTED_EDGE('',*,*,#3249,.T.);
#3251=ORIENTED_EDGE('',*,*,#3216,.F.);
#3252=ORIENTED_EDGE('',*,*,#3205,.F.);
#3253=ORIENTED_EDGE('',*,*,#3142,.F.);
#3255=ORIENTED_EDGE('',*,*,#3254,.T.);
#3256=EDGE_LOOP('',(#3248,#3250,#3251,#3252,#3253,#3255));
#3257=FACE_OUTER_BOUND('',#3256,.F.);
#3258=ADVANCED_FACE('',(#3257),#3246,.F.);
#3259=CARTESIAN_POINT('',(3.85E0,2.05E0,-2.E-1));
#3260=DIRECTION('',(0.E0,-1.E0,0.E0));
#3261=DIRECTION('',(0.E0,0.E0,-1.E0));
#3262=AXIS2_PLACEMENT_3D('',#3259,#3260,#3261);
#3263=PLANE('',#3262);
#3265=ORIENTED_EDGE('',*,*,#3264,.F.);
#3267=ORIENTED_EDGE('',*,*,#3266,.T.);
#3269=ORIENTED_EDGE('',*,*,#3268,.T.);
#3270=ORIENTED_EDGE('',*,*,#2596,.T.);
#3272=ORIENTED_EDGE('',*,*,#3271,.F.);
#3273=ORIENTED_EDGE('',*,*,#3192,.F.);
#3275=ORIENTED_EDGE('',*,*,#3274,.T.);
#3277=ORIENTED_EDGE('',*,*,#3276,.F.);
#3278=EDGE_LOOP('',(#3265,#3267,#3269,#3270,#3272,#3273,#3275,#3277));
#3279=FACE_OUTER_BOUND('',#3278,.F.);
#3280=ADVANCED_FACE('',(#3279),#3263,.F.);
#3281=CARTESIAN_POINT('',(-2.7E0,2.05E0,-2.E-1));
#3282=DIRECTION('',(7.071067811865E-1,0.E0,7.071067811865E-1));
#3283=DIRECTION('',(0.E0,-1.E0,0.E0));
#3284=AXIS2_PLACEMENT_3D('',#3281,#3282,#3283);
#3285=PLANE('',#3284);
#3287=ORIENTED_EDGE('',*,*,#3286,.F.);
#3288=ORIENTED_EDGE('',*,*,#3230,.T.);
#3289=ORIENTED_EDGE('',*,*,#2506,.T.);
#3291=ORIENTED_EDGE('',*,*,#3290,.F.);
#3292=EDGE_LOOP('',(#3287,#3288,#3289,#3291));
#3293=FACE_OUTER_BOUND('',#3292,.F.);
#3294=ADVANCED_FACE('',(#3293),#3285,.T.);
#3295=CARTESIAN_POINT('',(3.85E0,-2.85E0,-2.E-1));
#3296=DIRECTION('',(0.E0,0.E0,-1.E0));
#3297=DIRECTION('',(0.E0,1.E0,0.E0));
#3298=AXIS2_PLACEMENT_3D('',#3295,#3296,#3297);
#3299=PLANE('',#3298);
#3301=ORIENTED_EDGE('',*,*,#3300,.F.);
#3302=ORIENTED_EDGE('',*,*,#3254,.F.);
#3303=ORIENTED_EDGE('',*,*,#3140,.F.);
#3304=ORIENTED_EDGE('',*,*,#3158,.T.);
#3305=ORIENTED_EDGE('',*,*,#3175,.T.);
#3306=ORIENTED_EDGE('',*,*,#3232,.F.);
#3307=ORIENTED_EDGE('',*,*,#3286,.T.);
#3309=ORIENTED_EDGE('',*,*,#3308,.T.);
#3311=ORIENTED_EDGE('',*,*,#3310,.F.);
#3312=ORIENTED_EDGE('',*,*,#3266,.F.);
#3314=ORIENTED_EDGE('',*,*,#3313,.T.);
#3316=ORIENTED_EDGE('',*,*,#3315,.T.);
#3317=EDGE_LOOP('',(#3301,#3302,#3303,#3304,#3305,#3306,#3307,#3309,#3311,#3312,
#3314,#3316));
#3318=FACE_OUTER_BOUND('',#3317,.F.);
#3319=ADVANCED_FACE('',(#3318),#3299,.F.);
#3320=CARTESIAN_POINT('',(2.7E0,2.05E0,-2.E-1));
#3321=DIRECTION('',(7.071067811865E-1,0.E0,-7.071067811865E-1));
#3322=DIRECTION('',(0.E0,-1.E0,0.E0));
#3323=AXIS2_PLACEMENT_3D('',#3320,#3321,#3322);
#3324=PLANE('',#3323);
#3325=ORIENTED_EDGE('',*,*,#3300,.T.);
#3327=ORIENTED_EDGE('',*,*,#3326,.T.);
#3329=ORIENTED_EDGE('',*,*,#3328,.F.);
#3330=ORIENTED_EDGE('',*,*,#3247,.F.);
#3331=EDGE_LOOP('',(#3325,#3327,#3329,#3330));
#3332=FACE_OUTER_BOUND('',#3331,.F.);
#3333=ADVANCED_FACE('',(#3332),#3324,.F.);
#3334=CARTESIAN_POINT('',(1.E0,-1.5E-1,-2.E-1));
#3335=DIRECTION('',(0.E0,7.071067811865E-1,7.071067811865E-1));
#3336=DIRECTION('',(1.E0,0.E0,0.E0));
#3337=AXIS2_PLACEMENT_3D('',#3334,#3335,#3336);
#3338=PLANE('',#3337);
#3339=ORIENTED_EDGE('',*,*,#3315,.F.);
#3341=ORIENTED_EDGE('',*,*,#3340,.T.);
#3343=ORIENTED_EDGE('',*,*,#3342,.T.);
#3344=ORIENTED_EDGE('',*,*,#3326,.F.);
#3345=EDGE_LOOP('',(#3339,#3341,#3343,#3344));
#3346=FACE_OUTER_BOUND('',#3345,.F.);
#3347=ADVANCED_FACE('',(#3346),#3338,.T.);
#3348=CARTESIAN_POINT('',(8.E-1,2.05E0,-2.E-1));
#3349=DIRECTION('',(7.071067811865E-1,0.E0,7.071067811865E-1));
#3350=DIRECTION('',(0.E0,-1.E0,0.E0));
#3351=AXIS2_PLACEMENT_3D('',#3348,#3349,#3350);
#3352=PLANE('',#3351);
#3353=ORIENTED_EDGE('',*,*,#3313,.F.);
#3354=ORIENTED_EDGE('',*,*,#3264,.T.);
#3356=ORIENTED_EDGE('',*,*,#3355,.T.);
#3357=ORIENTED_EDGE('',*,*,#3340,.F.);
#3358=EDGE_LOOP('',(#3353,#3354,#3356,#3357));
#3359=FACE_OUTER_BOUND('',#3358,.F.);
#3360=ADVANCED_FACE('',(#3359),#3352,.T.);
#3361=CARTESIAN_POINT('',(1.E0,3.95E0,-5.1E0));
#3362=DIRECTION('',(-1.E0,0.E0,0.E0));
#3363=DIRECTION('',(0.E0,0.E0,1.E0));
#3364=AXIS2_PLACEMENT_3D('',#3361,#3362,#3363);
#3365=PLANE('',#3364);
#3366=ORIENTED_EDGE('',*,*,#2381,.T.);
#3367=ORIENTED_EDGE('',*,*,#2546,.F.);
#3369=ORIENTED_EDGE('',*,*,#3368,.F.);
#3371=ORIENTED_EDGE('',*,*,#3370,.F.);
#3372=ORIENTED_EDGE('',*,*,#3355,.F.);
#3373=ORIENTED_EDGE('',*,*,#3276,.T.);
#3375=ORIENTED_EDGE('',*,*,#3374,.T.);
#3377=ORIENTED_EDGE('',*,*,#3376,.F.);
#3378=ORIENTED_EDGE('',*,*,#2570,.F.);
#3379=ORIENTED_EDGE('',*,*,#2462,.F.);
#3381=ORIENTED_EDGE('',*,*,#3380,.T.);
#3382=EDGE_LOOP('',(#3366,#3367,#3369,#3371,#3372,#3373,#3375,#3377,#3378,#3379,
#3381));
#3383=FACE_OUTER_BOUND('',#3382,.F.);
#3384=ADVANCED_FACE('',(#3383),#3365,.F.);
#3385=CARTESIAN_POINT('',(2.5E0,5.E-2,-2.2E0));
#3386=DIRECTION('',(0.E0,-8.320502943378E-1,5.547001962252E-1));
#3387=DIRECTION('',(0.E0,-5.547001962252E-1,-8.320502943378E-1));
#3388=AXIS2_PLACEMENT_3D('',#3385,#3386,#3387);
#3389=PLANE('',#3388);
#3390=ORIENTED_EDGE('',*,*,#2544,.T.);
#3392=ORIENTED_EDGE('',*,*,#3391,.F.);
#3394=ORIENTED_EDGE('',*,*,#3393,.T.);
#3395=ORIENTED_EDGE('',*,*,#3368,.T.);
#3396=EDGE_LOOP('',(#3390,#3392,#3394,#3395));
#3397=FACE_OUTER_BOUND('',#3396,.F.);
#3398=ADVANCED_FACE('',(#3397),#3389,.F.);
#3399=CARTESIAN_POINT('',(2.5E0,3.95E0,-3.1E0));
#3400=DIRECTION('',(1.E0,0.E0,0.E0));
#3401=DIRECTION('',(0.E0,0.E0,-1.E0));
#3402=AXIS2_PLACEMENT_3D('',#3399,#3400,#3401);
#3403=PLANE('',#3402);
#3404=ORIENTED_EDGE('',*,*,#2377,.T.);
#3405=ORIENTED_EDGE('',*,*,#2435,.F.);
#3406=ORIENTED_EDGE('',*,*,#2482,.T.);
#3407=ORIENTED_EDGE('',*,*,#2574,.T.);
#3409=ORIENTED_EDGE('',*,*,#3408,.T.);
#3410=ORIENTED_EDGE('',*,*,#3218,.F.);
#3411=ORIENTED_EDGE('',*,*,#3249,.F.);
#3412=ORIENTED_EDGE('',*,*,#3328,.T.);
#3414=ORIENTED_EDGE('',*,*,#3413,.T.);
#3415=ORIENTED_EDGE('',*,*,#3391,.T.);
#3416=ORIENTED_EDGE('',*,*,#2542,.T.);
#3417=EDGE_LOOP('',(#3404,#3405,#3406,#3407,#3409,#3410,#3411,#3412,#3414,#3415,
#3416));
#3418=FACE_OUTER_BOUND('',#3417,.F.);
#3419=ADVANCED_FACE('',(#3418),#3403,.F.);
#3420=CARTESIAN_POINT('',(2.5E0,2.55E0,-3.1E0));
#3421=DIRECTION('',(0.E0,1.E0,0.E0));
#3422=DIRECTION('',(0.E0,0.E0,1.E0));
#3423=AXIS2_PLACEMENT_3D('',#3420,#3421,#3422);
#3424=PLANE('',#3423);
#3425=ORIENTED_EDGE('',*,*,#2572,.F.);
#3426=ORIENTED_EDGE('',*,*,#3376,.T.);
#3428=ORIENTED_EDGE('',*,*,#3427,.T.);
#3429=ORIENTED_EDGE('',*,*,#3408,.F.);
#3430=EDGE_LOOP('',(#3425,#3426,#3428,#3429));
#3431=FACE_OUTER_BOUND('',#3430,.F.);
#3433=ORIENTED_EDGE('',*,*,#3432,.F.);
#3435=ORIENTED_EDGE('',*,*,#3434,.T.);
#3437=ORIENTED_EDGE('',*,*,#3436,.T.);
#3439=ORIENTED_EDGE('',*,*,#3438,.F.);
#3440=EDGE_LOOP('',(#3433,#3435,#3437,#3439));
#3441=FACE_BOUND('',#3440,.F.);
#3442=ADVANCED_FACE('',(#3431,#3441),#3424,.F.);
#3443=CARTESIAN_POINT('',(1.E0,2.75E0,-4.E-1));
#3444=DIRECTION('',(0.E0,7.071067811865E-1,-7.071067811865E-1));
#3445=DIRECTION('',(1.E0,0.E0,0.E0));
#3446=AXIS2_PLACEMENT_3D('',#3443,#3444,#3445);
#3447=PLANE('',#3446);
#3448=ORIENTED_EDGE('',*,*,#3188,.T.);
#3449=ORIENTED_EDGE('',*,*,#3220,.T.);
#3450=ORIENTED_EDGE('',*,*,#3427,.F.);
#3452=ORIENTED_EDGE('',*,*,#3451,.F.);
#3453=EDGE_LOOP('',(#3448,#3449,#3450,#3452));
#3454=FACE_OUTER_BOUND('',#3453,.F.);
#3455=ADVANCED_FACE('',(#3454),#3447,.F.);
#3456=CARTESIAN_POINT('',(8.E-1,2.05E0,-4.E-1));
#3457=DIRECTION('',(-7.071067811865E-1,0.E0,-7.071067811865E-1));
#3458=DIRECTION('',(0.E0,1.E0,0.E0));
#3459=AXIS2_PLACEMENT_3D('',#3456,#3457,#3458);
#3460=PLANE('',#3459);
#3461=ORIENTED_EDGE('',*,*,#3190,.T.);
#3462=ORIENTED_EDGE('',*,*,#3451,.T.);
#3463=ORIENTED_EDGE('',*,*,#3374,.F.);
#3464=ORIENTED_EDGE('',*,*,#3274,.F.);
#3465=EDGE_LOOP('',(#3461,#3462,#3463,#3464));
#3466=FACE_OUTER_BOUND('',#3465,.F.);
#3467=ADVANCED_FACE('',(#3466),#3460,.F.);
#3468=CARTESIAN_POINT('',(1.15E0,3.95E0,-5.1E0));
#3469=DIRECTION('',(1.E0,0.E0,0.E0));
#3470=DIRECTION('',(0.E0,0.E0,-1.E0));
#3471=AXIS2_PLACEMENT_3D('',#3468,#3469,#3470);
#3472=PLANE('',#3471);
#3474=ORIENTED_EDGE('',*,*,#3473,.F.);
#3476=ORIENTED_EDGE('',*,*,#3475,.T.);
#3478=ORIENTED_EDGE('',*,*,#3477,.T.);
#3480=ORIENTED_EDGE('',*,*,#3479,.T.);
#3482=ORIENTED_EDGE('',*,*,#3481,.T.);
#3483=ORIENTED_EDGE('',*,*,#3432,.T.);
#3485=ORIENTED_EDGE('',*,*,#3484,.T.);
#3487=ORIENTED_EDGE('',*,*,#3486,.T.);
#3489=ORIENTED_EDGE('',*,*,#3488,.T.);
#3491=ORIENTED_EDGE('',*,*,#3490,.T.);
#3493=ORIENTED_EDGE('',*,*,#3492,.T.);
#3495=ORIENTED_EDGE('',*,*,#3494,.T.);
#3497=ORIENTED_EDGE('',*,*,#3496,.T.);
#3499=ORIENTED_EDGE('',*,*,#3498,.T.);
#3501=ORIENTED_EDGE('',*,*,#3500,.T.);
#3503=ORIENTED_EDGE('',*,*,#3502,.T.);
#3505=ORIENTED_EDGE('',*,*,#3504,.T.);
#3506=EDGE_LOOP('',(#3474,#3476,#3478,#3480,#3482,#3483,#3485,#3487,#3489,#3491,
#3493,#3495,#3497,#3499,#3501,#3503,#3505));
#3507=FACE_OUTER_BOUND('',#3506,.F.);
#3508=ADVANCED_FACE('',(#3507),#3472,.F.);
#3509=CARTESIAN_POINT('',(1.25E0,-5.125E0,-3.9E0));
#3510=DIRECTION('',(8.682431421245E-1,4.961389383568E-1,0.E0));
#3511=DIRECTION('',(-4.961389383568E-1,8.682431421245E-1,0.E0));
#3512=AXIS2_PLACEMENT_3D('',#3509,#3510,#3511);
#3513=PLANE('',#3512);
#3514=ORIENTED_EDGE('',*,*,#3473,.T.);
#3516=ORIENTED_EDGE('',*,*,#3515,.F.);
#3518=ORIENTED_EDGE('',*,*,#3517,.T.);
#3520=ORIENTED_EDGE('',*,*,#3519,.T.);
#3521=EDGE_LOOP('',(#3514,#3516,#3518,#3520));
#3522=FACE_OUTER_BOUND('',#3521,.F.);
#3523=ADVANCED_FACE('',(#3522),#3513,.F.);
#3524=CARTESIAN_POINT('',(1.15E0,-2.9E-1,-3.9E0));
#3525=DIRECTION('',(0.E0,0.E0,1.E0));
#3526=DIRECTION('',(0.E0,-1.E0,0.E0));
#3527=AXIS2_PLACEMENT_3D('',#3524,#3525,#3526);
#3528=PLANE('',#3527);
#3530=ORIENTED_EDGE('',*,*,#3529,.T.);
#3532=ORIENTED_EDGE('',*,*,#3531,.T.);
#3533=ORIENTED_EDGE('',*,*,#3515,.T.);
#3534=ORIENTED_EDGE('',*,*,#3504,.F.);
#3536=ORIENTED_EDGE('',*,*,#3535,.T.);
#3538=ORIENTED_EDGE('',*,*,#3537,.T.);
#3540=ORIENTED_EDGE('',*,*,#3539,.T.);
#3542=ORIENTED_EDGE('',*,*,#3541,.T.);
#3544=ORIENTED_EDGE('',*,*,#3543,.T.);
#3546=ORIENTED_EDGE('',*,*,#3545,.F.);
#3547=EDGE_LOOP('',(#3530,#3532,#3533,#3534,#3536,#3538,#3540,#3542,#3544,
#3546));
#3548=FACE_OUTER_BOUND('',#3547,.F.);
#3549=ADVANCED_FACE('',(#3548),#3528,.T.);
#3550=CARTESIAN_POINT('',(1.53E0,-7.45E0,-3.9E0));
#3551=DIRECTION('',(9.897962490289E-1,1.424899484463E-1,0.E0));
#3552=DIRECTION('',(-1.424899484463E-1,9.897962490289E-1,0.E0));
#3553=AXIS2_PLACEMENT_3D('',#3550,#3551,#3552);
#3554=PLANE('',#3553);
#3555=ORIENTED_EDGE('',*,*,#3529,.F.);
#3557=ORIENTED_EDGE('',*,*,#3556,.T.);
#3559=ORIENTED_EDGE('',*,*,#3558,.T.);
#3561=ORIENTED_EDGE('',*,*,#3560,.T.);
#3563=ORIENTED_EDGE('',*,*,#3562,.F.);
#3564=EDGE_LOOP('',(#3555,#3557,#3559,#3561,#3563));
#3565=FACE_OUTER_BOUND('',#3564,.F.);
#3566=ADVANCED_FACE('',(#3565),#3554,.F.);
#3567=CARTESIAN_POINT('',(1.15E0,-7.45E0,-3.9E0));
#3568=DIRECTION('',(0.E0,-1.E0,0.E0));
#3569=DIRECTION('',(0.E0,0.E0,-1.E0));
#3570=AXIS2_PLACEMENT_3D('',#3567,#3568,#3569);
#3571=PLANE('',#3570);
#3572=ORIENTED_EDGE('',*,*,#3556,.F.);
#3573=ORIENTED_EDGE('',*,*,#3545,.T.);
#3575=ORIENTED_EDGE('',*,*,#3574,.T.);
#3577=ORIENTED_EDGE('',*,*,#3576,.F.);
#3578=EDGE_LOOP('',(#3572,#3573,#3575,#3577));
#3579=FACE_OUTER_BOUND('',#3578,.F.);
#3580=ADVANCED_FACE('',(#3579),#3571,.T.);
#3581=CARTESIAN_POINT('',(2.25E0,-5.505E0,-3.9E0));
#3582=DIRECTION('',(-9.897962490289E-1,1.424899484463E-1,0.E0));
#3583=DIRECTION('',(-1.424899484463E-1,-9.897962490289E-1,0.E0));
#3584=AXIS2_PLACEMENT_3D('',#3581,#3582,#3583);
#3585=PLANE('',#3584);
#3586=ORIENTED_EDGE('',*,*,#3543,.F.);
#3588=ORIENTED_EDGE('',*,*,#3587,.T.);
#3590=ORIENTED_EDGE('',*,*,#3589,.F.);
#3592=ORIENTED_EDGE('',*,*,#3591,.F.);
#3593=ORIENTED_EDGE('',*,*,#3574,.F.);
#3594=EDGE_LOOP('',(#3586,#3588,#3590,#3592,#3593));
#3595=FACE_OUTER_BOUND('',#3594,.F.);
#3596=ADVANCED_FACE('',(#3595),#3585,.F.);
#3597=CARTESIAN_POINT('',(2.25E0,-5.125E0,-3.9E0));
#3598=DIRECTION('',(-1.E0,0.E0,0.E0));
#3599=DIRECTION('',(0.E0,-1.E0,0.E0));
#3600=AXIS2_PLACEMENT_3D('',#3597,#3598,#3599);
#3601=PLANE('',#3600);
#3602=ORIENTED_EDGE('',*,*,#3541,.F.);
#3604=ORIENTED_EDGE('',*,*,#3603,.T.);
#3606=ORIENTED_EDGE('',*,*,#3605,.T.);
#3607=ORIENTED_EDGE('',*,*,#3587,.F.);
#3608=EDGE_LOOP('',(#3602,#3604,#3606,#3607));
#3609=FACE_OUTER_BOUND('',#3608,.F.);
#3610=ADVANCED_FACE('',(#3609),#3601,.F.);
#3611=CARTESIAN_POINT('',(2.35E0,-4.95E0,-3.9E0));
#3612=DIRECTION('',(-8.682431421245E-1,4.961389383568E-1,0.E0));
#3613=DIRECTION('',(-4.961389383568E-1,-8.682431421245E-1,0.E0));
#3614=AXIS2_PLACEMENT_3D('',#3611,#3612,#3613);
#3615=PLANE('',#3614);
#3617=ORIENTED_EDGE('',*,*,#3616,.F.);
#3619=ORIENTED_EDGE('',*,*,#3618,.T.);
#3620=ORIENTED_EDGE('',*,*,#3603,.F.);
#3621=ORIENTED_EDGE('',*,*,#3539,.F.);
#3622=EDGE_LOOP('',(#3617,#3619,#3620,#3621));
#3623=FACE_OUTER_BOUND('',#3622,.F.);
#3624=ADVANCED_FACE('',(#3623),#3615,.F.);
#3625=CARTESIAN_POINT('',(2.35E0,3.95E0,-5.1E0));
#3626=DIRECTION('',(1.E0,0.E0,0.E0));
#3627=DIRECTION('',(0.E0,0.E0,-1.E0));
#3628=AXIS2_PLACEMENT_3D('',#3625,#3626,#3627);
#3629=PLANE('',#3628);
#3630=ORIENTED_EDGE('',*,*,#3616,.T.);
#3631=ORIENTED_EDGE('',*,*,#3537,.F.);
#3633=ORIENTED_EDGE('',*,*,#3632,.F.);
#3635=ORIENTED_EDGE('',*,*,#3634,.F.);
#3637=ORIENTED_EDGE('',*,*,#3636,.F.);
#3639=ORIENTED_EDGE('',*,*,#3638,.F.);
#3641=ORIENTED_EDGE('',*,*,#3640,.F.);
#3643=ORIENTED_EDGE('',*,*,#3642,.F.);
#3645=ORIENTED_EDGE('',*,*,#3644,.F.);
#3647=ORIENTED_EDGE('',*,*,#3646,.F.);
#3649=ORIENTED_EDGE('',*,*,#3648,.F.);
#3651=ORIENTED_EDGE('',*,*,#3650,.F.);
#3652=ORIENTED_EDGE('',*,*,#3436,.F.);
#3654=ORIENTED_EDGE('',*,*,#3653,.F.);
#3656=ORIENTED_EDGE('',*,*,#3655,.F.);
#3658=ORIENTED_EDGE('',*,*,#3657,.F.);
#3660=ORIENTED_EDGE('',*,*,#3659,.F.);
#3661=EDGE_LOOP('',(#3630,#3631,#3633,#3635,#3637,#3639,#3641,#3643,#3645,#3647,
#3649,#3651,#3652,#3654,#3656,#3658,#3660));
#3662=FACE_OUTER_BOUND('',#3661,.F.);
#3663=ADVANCED_FACE('',(#3662),#3629,.T.);
#3664=CARTESIAN_POINT('',(1.15E0,-2.9E-1,-3.1E0));
#3665=DIRECTION('',(1.E0,0.E0,0.E0));
#3666=DIRECTION('',(0.E0,0.E0,-1.E0));
#3667=AXIS2_PLACEMENT_3D('',#3664,#3665,#3666);
#3668=CYLINDRICAL_SURFACE('',#3667,8.E-1);
#3669=ORIENTED_EDGE('',*,*,#3502,.F.);
#3671=ORIENTED_EDGE('',*,*,#3670,.T.);
#3672=ORIENTED_EDGE('',*,*,#3632,.T.);
#3673=ORIENTED_EDGE('',*,*,#3535,.F.);
#3674=EDGE_LOOP('',(#3669,#3671,#3672,#3673));
#3675=FACE_OUTER_BOUND('',#3674,.F.);
#3676=ADVANCED_FACE('',(#3675),#3668,.F.);
#3677=CARTESIAN_POINT('',(1.15E0,5.1E-1,-6.E-1));
#3678=DIRECTION('',(0.E0,-1.E0,0.E0));
#3679=DIRECTION('',(0.E0,0.E0,-1.E0));
#3680=AXIS2_PLACEMENT_3D('',#3677,#3678,#3679);
#3681=PLANE('',#3680);
#3682=ORIENTED_EDGE('',*,*,#3500,.F.);
#3684=ORIENTED_EDGE('',*,*,#3683,.T.);
#3685=ORIENTED_EDGE('',*,*,#3634,.T.);
#3686=ORIENTED_EDGE('',*,*,#3670,.F.);
#3687=EDGE_LOOP('',(#3682,#3684,#3685,#3686));
#3688=FACE_OUTER_BOUND('',#3687,.F.);
#3689=ADVANCED_FACE('',(#3688),#3681,.T.);
#3690=CARTESIAN_POINT('',(1.15E0,9.5E-1,3.E-1));
#3691=DIRECTION('',(0.E0,-8.983843609192E-1,4.392101320049E-1));
#3692=DIRECTION('',(0.E0,-4.392101320049E-1,-8.983843609192E-1));
#3693=AXIS2_PLACEMENT_3D('',#3690,#3691,#3692);
#3694=PLANE('',#3693);
#3695=ORIENTED_EDGE('',*,*,#3498,.F.);
#3697=ORIENTED_EDGE('',*,*,#3696,.T.);
#3698=ORIENTED_EDGE('',*,*,#3636,.T.);
#3699=ORIENTED_EDGE('',*,*,#3683,.F.);
#3700=EDGE_LOOP('',(#3695,#3697,#3698,#3699));
#3701=FACE_OUTER_BOUND('',#3700,.F.);
#3702=ADVANCED_FACE('',(#3701),#3694,.T.);
#3703=CARTESIAN_POINT('',(1.15E0,9.5E-1,4.8E0));
#3704=DIRECTION('',(0.E0,-1.E0,0.E0));
#3705=DIRECTION('',(0.E0,0.E0,-1.E0));
#3706=AXIS2_PLACEMENT_3D('',#3703,#3704,#3705);
#3707=PLANE('',#3706);
#3708=ORIENTED_EDGE('',*,*,#3496,.F.);
#3710=ORIENTED_EDGE('',*,*,#3709,.T.);
#3711=ORIENTED_EDGE('',*,*,#3638,.T.);
#3712=ORIENTED_EDGE('',*,*,#3696,.F.);
#3713=EDGE_LOOP('',(#3708,#3710,#3711,#3712));
#3714=FACE_OUTER_BOUND('',#3713,.F.);
#3715=ADVANCED_FACE('',(#3714),#3707,.T.);
#3716=CARTESIAN_POINT('',(1.15E0,1.5E0,5.1273E0));
#3717=DIRECTION('',(0.E0,-5.113904628111E-1,8.593484709627E-1));
#3718=DIRECTION('',(0.E0,-8.593484709627E-1,-5.113904628111E-1));
#3719=AXIS2_PLACEMENT_3D('',#3716,#3717,#3718);
#3720=PLANE('',#3719);
#3721=ORIENTED_EDGE('',*,*,#3494,.F.);
#3723=ORIENTED_EDGE('',*,*,#3722,.T.);
#3724=ORIENTED_EDGE('',*,*,#3640,.T.);
#3725=ORIENTED_EDGE('',*,*,#3709,.F.);
#3726=EDGE_LOOP('',(#3721,#3723,#3724,#3725));
#3727=FACE_OUTER_BOUND('',#3726,.F.);
#3728=ADVANCED_FACE('',(#3727),#3720,.T.);
#3729=CARTESIAN_POINT('',(1.15E0,2.05E0,4.8E0));
#3730=DIRECTION('',(0.E0,5.113904628111E-1,8.593484709627E-1));
#3731=DIRECTION('',(0.E0,-8.593484709627E-1,5.113904628111E-1));
#3732=AXIS2_PLACEMENT_3D('',#3729,#3730,#3731);
#3733=PLANE('',#3732);
#3734=ORIENTED_EDGE('',*,*,#3492,.F.);
#3736=ORIENTED_EDGE('',*,*,#3735,.T.);
#3737=ORIENTED_EDGE('',*,*,#3642,.T.);
#3738=ORIENTED_EDGE('',*,*,#3722,.F.);
#3739=EDGE_LOOP('',(#3734,#3736,#3737,#3738));
#3740=FACE_OUTER_BOUND('',#3739,.F.);
#3741=ADVANCED_FACE('',(#3740),#3733,.T.);
#3742=CARTESIAN_POINT('',(1.15E0,2.05E0,5.E-2));
#3743=DIRECTION('',(0.E0,1.E0,0.E0));
#3744=DIRECTION('',(0.E0,0.E0,1.E0));
#3745=AXIS2_PLACEMENT_3D('',#3742,#3743,#3744);
#3746=PLANE('',#3745);
#3747=ORIENTED_EDGE('',*,*,#3490,.F.);
#3749=ORIENTED_EDGE('',*,*,#3748,.T.);
#3750=ORIENTED_EDGE('',*,*,#3644,.T.);
#3751=ORIENTED_EDGE('',*,*,#3735,.F.);
#3752=EDGE_LOOP('',(#3747,#3749,#3750,#3751));
#3753=FACE_OUTER_BOUND('',#3752,.F.);
#3754=ADVANCED_FACE('',(#3753),#3746,.T.);
#3755=CARTESIAN_POINT('',(1.15E0,1.925E0,-2.5E-1));
#3756=DIRECTION('',(0.E0,9.230769230769E-1,-3.846153846154E-1));
#3757=DIRECTION('',(0.E0,3.846153846154E-1,9.230769230769E-1));
#3758=AXIS2_PLACEMENT_3D('',#3755,#3756,#3757);
#3759=PLANE('',#3758);
#3760=ORIENTED_EDGE('',*,*,#3488,.F.);
#3762=ORIENTED_EDGE('',*,*,#3761,.T.);
#3763=ORIENTED_EDGE('',*,*,#3646,.T.);
#3764=ORIENTED_EDGE('',*,*,#3748,.F.);
#3765=EDGE_LOOP('',(#3760,#3762,#3763,#3764));
#3766=FACE_OUTER_BOUND('',#3765,.F.);
#3767=ADVANCED_FACE('',(#3766),#3759,.T.);
#3768=CARTESIAN_POINT('',(1.15E0,1.925E0,-9.5E-1));
#3769=DIRECTION('',(0.E0,1.E0,0.E0));
#3770=DIRECTION('',(0.E0,0.E0,1.E0));
#3771=AXIS2_PLACEMENT_3D('',#3768,#3769,#3770);
#3772=PLANE('',#3771);
#3773=ORIENTED_EDGE('',*,*,#3486,.F.);
#3775=ORIENTED_EDGE('',*,*,#3774,.T.);
#3776=ORIENTED_EDGE('',*,*,#3648,.T.);
#3777=ORIENTED_EDGE('',*,*,#3761,.F.);
#3778=EDGE_LOOP('',(#3773,#3775,#3776,#3777));
#3779=FACE_OUTER_BOUND('',#3778,.F.);
#3780=ADVANCED_FACE('',(#3779),#3772,.T.);
#3781=CARTESIAN_POINT('',(1.15E0,2.55E0,-9.5E-1));
#3782=DIRECTION('',(0.E0,0.E0,1.E0));
#3783=DIRECTION('',(0.E0,-1.E0,0.E0));
#3784=AXIS2_PLACEMENT_3D('',#3781,#3782,#3783);
#3785=PLANE('',#3784);
#3786=ORIENTED_EDGE('',*,*,#3438,.T.);
#3787=ORIENTED_EDGE('',*,*,#3650,.T.);
#3788=ORIENTED_EDGE('',*,*,#3774,.F.);
#3789=ORIENTED_EDGE('',*,*,#3484,.F.);
#3790=EDGE_LOOP('',(#3786,#3787,#3788,#3789));
#3791=FACE_OUTER_BOUND('',#3790,.F.);
#3792=ADVANCED_FACE('',(#3791),#3785,.T.);
#3793=CARTESIAN_POINT('',(1.15E0,9.5E-1,-2.7E0));
#3794=DIRECTION('',(0.E0,0.E0,-1.E0));
#3795=DIRECTION('',(0.E0,1.E0,0.E0));
#3796=AXIS2_PLACEMENT_3D('',#3793,#3794,#3795);
#3797=PLANE('',#3796);
#3798=ORIENTED_EDGE('',*,*,#3434,.F.);
#3799=ORIENTED_EDGE('',*,*,#3481,.F.);
#3801=ORIENTED_EDGE('',*,*,#3800,.T.);
#3802=ORIENTED_EDGE('',*,*,#3653,.T.);
#3803=EDGE_LOOP('',(#3798,#3799,#3801,#3802));
#3804=FACE_OUTER_BOUND('',#3803,.F.);
#3805=ADVANCED_FACE('',(#3804),#3797,.T.);
#3806=CARTESIAN_POINT('',(1.15E0,9.5E-1,-2.9E0));
#3807=DIRECTION('',(0.E0,1.E0,0.E0));
#3808=DIRECTION('',(0.E0,0.E0,1.E0));
#3809=AXIS2_PLACEMENT_3D('',#3806,#3807,#3808);
#3810=PLANE('',#3809);
#3811=ORIENTED_EDGE('',*,*,#3479,.F.);
#3813=ORIENTED_EDGE('',*,*,#3812,.T.);
#3814=ORIENTED_EDGE('',*,*,#3655,.T.);
#3815=ORIENTED_EDGE('',*,*,#3800,.F.);
#3816=EDGE_LOOP('',(#3811,#3813,#3814,#3815));
#3817=FACE_OUTER_BOUND('',#3816,.F.);
#3818=ADVANCED_FACE('',(#3817),#3810,.T.);
#3819=CARTESIAN_POINT('',(1.15E0,-5.5E-1,-2.9E0));
#3820=DIRECTION('',(1.E0,0.E0,0.E0));
#3821=DIRECTION('',(0.E0,0.E0,-1.E0));
#3822=AXIS2_PLACEMENT_3D('',#3819,#3820,#3821);
#3823=CYLINDRICAL_SURFACE('',#3822,1.5E0);
#3824=ORIENTED_EDGE('',*,*,#3477,.F.);
#3826=ORIENTED_EDGE('',*,*,#3825,.T.);
#3827=ORIENTED_EDGE('',*,*,#3657,.T.);
#3828=ORIENTED_EDGE('',*,*,#3812,.F.);
#3829=EDGE_LOOP('',(#3824,#3826,#3827,#3828));
#3830=FACE_OUTER_BOUND('',#3829,.F.);
#3831=ADVANCED_FACE('',(#3830),#3823,.T.);
#3832=CARTESIAN_POINT('',(1.15E0,-4.95E0,-4.4E0));
#3833=DIRECTION('',(0.E0,0.E0,-1.E0));
#3834=DIRECTION('',(0.E0,1.E0,0.E0));
#3835=AXIS2_PLACEMENT_3D('',#3832,#3833,#3834);
#3836=PLANE('',#3835);
#3838=ORIENTED_EDGE('',*,*,#3837,.T.);
#3839=ORIENTED_EDGE('',*,*,#3659,.T.);
#3840=ORIENTED_EDGE('',*,*,#3825,.F.);
#3841=ORIENTED_EDGE('',*,*,#3475,.F.);
#3842=EDGE_LOOP('',(#3838,#3839,#3840,#3841));
#3843=FACE_OUTER_BOUND('',#3842,.F.);
#3844=ADVANCED_FACE('',(#3843),#3836,.T.);
#3845=CARTESIAN_POINT('',(1.15E0,-5.95E0,-4.5E0));
#3846=DIRECTION('',(0.E0,9.950371902100E-2,-9.950371902100E-1));
#3847=DIRECTION('',(0.E0,9.950371902100E-1,9.950371902100E-2));
#3848=AXIS2_PLACEMENT_3D('',#3845,#3846,#3847);
#3849=PLANE('',#3848);
#3850=ORIENTED_EDGE('',*,*,#3560,.F.);
#3852=ORIENTED_EDGE('',*,*,#3851,.T.);
#3853=ORIENTED_EDGE('',*,*,#3589,.T.);
#3854=ORIENTED_EDGE('',*,*,#3605,.F.);
#3855=ORIENTED_EDGE('',*,*,#3618,.F.);
#3856=ORIENTED_EDGE('',*,*,#3837,.F.);
#3857=ORIENTED_EDGE('',*,*,#3519,.F.);
#3859=ORIENTED_EDGE('',*,*,#3858,.F.);
#3860=EDGE_LOOP('',(#3850,#3852,#3853,#3854,#3855,#3856,#3857,#3859));
#3861=FACE_OUTER_BOUND('',#3860,.F.);
#3862=ADVANCED_FACE('',(#3861),#3849,.T.);
#3863=CARTESIAN_POINT('',(1.15E0,-7.45E0,-4.15E0));
#3864=DIRECTION('',(0.E0,-2.272296156064E-1,-9.738412097418E-1));
#3865=DIRECTION('',(0.E0,9.738412097418E-1,-2.272296156064E-1));
#3866=AXIS2_PLACEMENT_3D('',#3863,#3864,#3865);
#3867=PLANE('',#3866);
#3868=ORIENTED_EDGE('',*,*,#3558,.F.);
#3869=ORIENTED_EDGE('',*,*,#3576,.T.);
#3870=ORIENTED_EDGE('',*,*,#3591,.T.);
#3871=ORIENTED_EDGE('',*,*,#3851,.F.);
#3872=EDGE_LOOP('',(#3868,#3869,#3870,#3871));
#3873=FACE_OUTER_BOUND('',#3872,.F.);
#3874=ADVANCED_FACE('',(#3873),#3867,.T.);
#3875=CARTESIAN_POINT('',(1.25E0,-5.505E0,-3.9E0));
#3876=DIRECTION('',(1.E0,0.E0,0.E0));
#3877=DIRECTION('',(0.E0,1.E0,0.E0));
#3878=AXIS2_PLACEMENT_3D('',#3875,#3876,#3877);
#3879=PLANE('',#3878);
#3880=ORIENTED_EDGE('',*,*,#3531,.F.);
#3881=ORIENTED_EDGE('',*,*,#3562,.T.);
#3882=ORIENTED_EDGE('',*,*,#3858,.T.);
#3883=ORIENTED_EDGE('',*,*,#3517,.F.);
#3884=EDGE_LOOP('',(#3880,#3881,#3882,#3883));
#3885=FACE_OUTER_BOUND('',#3884,.F.);
#3886=ADVANCED_FACE('',(#3885),#3879,.F.);
#3887=CARTESIAN_POINT('',(2.5E0,5.E-2,-2.E-1));
#3888=DIRECTION('',(0.E0,-1.E0,0.E0));
#3889=DIRECTION('',(0.E0,0.E0,-1.E0));
#3890=AXIS2_PLACEMENT_3D('',#3887,#3888,#3889);
#3891=PLANE('',#3890);
#3892=ORIENTED_EDGE('',*,*,#3342,.F.);
#3893=ORIENTED_EDGE('',*,*,#3370,.T.);
#3894=ORIENTED_EDGE('',*,*,#3393,.F.);
#3895=ORIENTED_EDGE('',*,*,#3413,.F.);
#3896=EDGE_LOOP('',(#3892,#3893,#3894,#3895));
#3897=FACE_OUTER_BOUND('',#3896,.F.);
#3898=ADVANCED_FACE('',(#3897),#3891,.F.);
#3899=CARTESIAN_POINT('',(7.5E-1,3.95E0,-5.1E0));
#3900=DIRECTION('',(0.E0,0.E0,1.E0));
#3901=DIRECTION('',(1.E0,0.E0,0.E0));
#3902=AXIS2_PLACEMENT_3D('',#3899,#3900,#3901);
#3903=PLANE('',#3902);
#3904=ORIENTED_EDGE('',*,*,#2383,.T.);
#3905=ORIENTED_EDGE('',*,*,#3380,.F.);
#3906=ORIENTED_EDGE('',*,*,#2472,.F.);
#3908=ORIENTED_EDGE('',*,*,#3907,.F.);
#3909=EDGE_LOOP('',(#3904,#3905,#3906,#3908));
#3910=FACE_OUTER_BOUND('',#3909,.F.);
#3911=ADVANCED_FACE('',(#3910),#3903,.F.);
#3912=CARTESIAN_POINT('',(3.000006054166E-1,9.5E-1,-7.1E0));
#3913=DIRECTION('',(-9.756098193438E-1,0.E0,2.195119140272E-1));
#3914=DIRECTION('',(2.195119140272E-1,0.E0,9.756098193438E-1));
#3915=AXIS2_PLACEMENT_3D('',#3912,#3913,#3914);
#3916=PLANE('',#3915);
#3917=ORIENTED_EDGE('',*,*,#2300,.T.);
#3918=ORIENTED_EDGE('',*,*,#3907,.T.);
#3919=ORIENTED_EDGE('',*,*,#2722,.F.);
#3920=ORIENTED_EDGE('',*,*,#2683,.F.);
#3921=ORIENTED_EDGE('',*,*,#2236,.T.);
#3922=EDGE_LOOP('',(#3917,#3918,#3919,#3920,#3921));
#3923=FACE_OUTER_BOUND('',#3922,.F.);
#3924=ADVANCED_FACE('',(#3923),#3916,.F.);
#3925=CARTESIAN_POINT('',(-2.5E0,-1.5E-1,-2.E-1));
#3926=DIRECTION('',(0.E0,7.071067811865E-1,7.071067811865E-1));
#3927=DIRECTION('',(1.E0,0.E0,0.E0));
#3928=AXIS2_PLACEMENT_3D('',#3925,#3926,#3927);
#3929=PLANE('',#3928);
#3930=ORIENTED_EDGE('',*,*,#3308,.F.);
#3931=ORIENTED_EDGE('',*,*,#3290,.T.);
#3933=ORIENTED_EDGE('',*,*,#3932,.T.);
#3935=ORIENTED_EDGE('',*,*,#3934,.F.);
#3936=EDGE_LOOP('',(#3930,#3931,#3933,#3935));
#3937=FACE_OUTER_BOUND('',#3936,.F.);
#3938=ADVANCED_FACE('',(#3937),#3929,.T.);
#3939=CARTESIAN_POINT('',(-1.E0,5.E-2,-2.E-1));
#3940=DIRECTION('',(0.E0,-1.E0,0.E0));
#3941=DIRECTION('',(0.E0,0.E0,-1.E0));
#3942=AXIS2_PLACEMENT_3D('',#3939,#3940,#3941);
#3943=PLANE('',#3942);
#3944=ORIENTED_EDGE('',*,*,#3932,.F.);
#3945=ORIENTED_EDGE('',*,*,#2504,.T.);
#3947=ORIENTED_EDGE('',*,*,#3946,.F.);
#3948=ORIENTED_EDGE('',*,*,#2600,.F.);
#3949=EDGE_LOOP('',(#3944,#3945,#3947,#3948));
#3950=FACE_OUTER_BOUND('',#3949,.F.);
#3951=ADVANCED_FACE('',(#3950),#3943,.F.);
#3952=CARTESIAN_POINT('',(-1.E0,5.E-2,-2.2E0));
#3953=DIRECTION('',(0.E0,-8.320502943378E-1,5.547001962252E-1));
#3954=DIRECTION('',(0.E0,-5.547001962252E-1,-8.320502943378E-1));
#3955=AXIS2_PLACEMENT_3D('',#3952,#3953,#3954);
#3956=PLANE('',#3955);
#3957=ORIENTED_EDGE('',*,*,#2530,.T.);
#3958=ORIENTED_EDGE('',*,*,#2602,.F.);
#3959=ORIENTED_EDGE('',*,*,#3946,.T.);
#3960=ORIENTED_EDGE('',*,*,#2502,.T.);
#3961=EDGE_LOOP('',(#3957,#3958,#3959,#3960));
#3962=FACE_OUTER_BOUND('',#3961,.F.);
#3963=ADVANCED_FACE('',(#3962),#3956,.F.);
#3964=CARTESIAN_POINT('',(-8.E-1,2.05E0,-2.E-1));
#3965=DIRECTION('',(7.071067811865E-1,0.E0,-7.071067811865E-1));
#3966=DIRECTION('',(0.E0,-1.E0,0.E0));
#3967=AXIS2_PLACEMENT_3D('',#3964,#3965,#3966);
#3968=PLANE('',#3967);
#3969=ORIENTED_EDGE('',*,*,#3310,.T.);
#3970=ORIENTED_EDGE('',*,*,#3934,.T.);
#3971=ORIENTED_EDGE('',*,*,#2598,.F.);
#3972=ORIENTED_EDGE('',*,*,#3268,.F.);
#3973=EDGE_LOOP('',(#3969,#3970,#3971,#3972));
#3974=FACE_OUTER_BOUND('',#3973,.F.);
#3975=ADVANCED_FACE('',(#3974),#3968,.F.);
#3976=CARTESIAN_POINT('',(-2.7E0,2.05E0,-4.E-1));
#3977=DIRECTION('',(-7.071067811865E-1,0.E0,-7.071067811865E-1));
#3978=DIRECTION('',(0.E0,1.E0,0.E0));
#3979=AXIS2_PLACEMENT_3D('',#3976,#3977,#3978);
#3980=PLANE('',#3979);
#3981=ORIENTED_EDGE('',*,*,#3198,.T.);
#3983=ORIENTED_EDGE('',*,*,#3982,.T.);
#3984=ORIENTED_EDGE('',*,*,#2510,.F.);
#3985=ORIENTED_EDGE('',*,*,#3236,.F.);
#3986=EDGE_LOOP('',(#3981,#3983,#3984,#3985));
#3987=FACE_OUTER_BOUND('',#3986,.F.);
#3988=ADVANCED_FACE('',(#3987),#3980,.F.);
#3989=CARTESIAN_POINT('',(-2.5E0,2.75E0,-4.E-1));
#3990=DIRECTION('',(0.E0,7.071067811865E-1,-7.071067811865E-1));
#3991=DIRECTION('',(1.E0,0.E0,0.E0));
#3992=AXIS2_PLACEMENT_3D('',#3989,#3990,#3991);
#3993=PLANE('',#3992);
#3994=ORIENTED_EDGE('',*,*,#3196,.T.);
#3996=ORIENTED_EDGE('',*,*,#3995,.T.);
#3998=ORIENTED_EDGE('',*,*,#3997,.F.);
#3999=ORIENTED_EDGE('',*,*,#3982,.F.);
#4000=EDGE_LOOP('',(#3994,#3996,#3998,#3999));
#4001=FACE_OUTER_BOUND('',#4000,.F.);
#4002=ADVANCED_FACE('',(#4001),#3993,.F.);
#4003=CARTESIAN_POINT('',(-8.E-1,2.05E0,-4.E-1));
#4004=DIRECTION('',(-7.071067811865E-1,0.E0,7.071067811865E-1));
#4005=DIRECTION('',(0.E0,1.E0,0.E0));
#4006=AXIS2_PLACEMENT_3D('',#4003,#4004,#4005);
#4007=PLANE('',#4006);
#4008=ORIENTED_EDGE('',*,*,#3194,.F.);
#4009=ORIENTED_EDGE('',*,*,#3271,.T.);
#4010=ORIENTED_EDGE('',*,*,#2594,.T.);
#4011=ORIENTED_EDGE('',*,*,#3995,.F.);
#4012=EDGE_LOOP('',(#4008,#4009,#4010,#4011));
#4013=FACE_OUTER_BOUND('',#4012,.F.);
#4014=ADVANCED_FACE('',(#4013),#4007,.T.);
#4015=CARTESIAN_POINT('',(-1.E0,2.55E0,-3.1E0));
#4016=DIRECTION('',(0.E0,1.E0,0.E0));
#4017=DIRECTION('',(0.E0,0.E0,1.E0));
#4018=AXIS2_PLACEMENT_3D('',#4015,#4016,#4017);
#4019=PLANE('',#4018);
#4020=ORIENTED_EDGE('',*,*,#2565,.F.);
#4021=ORIENTED_EDGE('',*,*,#2512,.T.);
#4022=ORIENTED_EDGE('',*,*,#3997,.T.);
#4023=ORIENTED_EDGE('',*,*,#2592,.F.);
#4024=EDGE_LOOP('',(#4020,#4021,#4022,#4023));
#4025=FACE_OUTER_BOUND('',#4024,.F.);
#4027=ORIENTED_EDGE('',*,*,#4026,.F.);
#4029=ORIENTED_EDGE('',*,*,#4028,.T.);
#4031=ORIENTED_EDGE('',*,*,#4030,.T.);
#4033=ORIENTED_EDGE('',*,*,#4032,.F.);
#4034=EDGE_LOOP('',(#4027,#4029,#4031,#4033));
#4035=FACE_BOUND('',#4034,.F.);
#4036=ADVANCED_FACE('',(#4025,#4035),#4019,.F.);
#4037=CARTESIAN_POINT('',(-2.35E0,3.95E0,-5.1E0));
#4038=DIRECTION('',(1.E0,0.E0,0.E0));
#4039=DIRECTION('',(0.E0,0.E0,-1.E0));
#4040=AXIS2_PLACEMENT_3D('',#4037,#4038,#4039);
#4041=PLANE('',#4040);
#4043=ORIENTED_EDGE('',*,*,#4042,.F.);
#4045=ORIENTED_EDGE('',*,*,#4044,.T.);
#4047=ORIENTED_EDGE('',*,*,#4046,.T.);
#4049=ORIENTED_EDGE('',*,*,#4048,.T.);
#4051=ORIENTED_EDGE('',*,*,#4050,.T.);
#4052=ORIENTED_EDGE('',*,*,#4026,.T.);
#4054=ORIENTED_EDGE('',*,*,#4053,.T.);
#4056=ORIENTED_EDGE('',*,*,#4055,.T.);
#4058=ORIENTED_EDGE('',*,*,#4057,.T.);
#4060=ORIENTED_EDGE('',*,*,#4059,.T.);
#4062=ORIENTED_EDGE('',*,*,#4061,.T.);
#4064=ORIENTED_EDGE('',*,*,#4063,.T.);
#4066=ORIENTED_EDGE('',*,*,#4065,.T.);
#4068=ORIENTED_EDGE('',*,*,#4067,.T.);
#4070=ORIENTED_EDGE('',*,*,#4069,.T.);
#4072=ORIENTED_EDGE('',*,*,#4071,.T.);
#4074=ORIENTED_EDGE('',*,*,#4073,.T.);
#4075=EDGE_LOOP('',(#4043,#4045,#4047,#4049,#4051,#4052,#4054,#4056,#4058,#4060,
#4062,#4064,#4066,#4068,#4070,#4072,#4074));
#4076=FACE_OUTER_BOUND('',#4075,.F.);
#4077=ADVANCED_FACE('',(#4076),#4041,.F.);
#4078=CARTESIAN_POINT('',(-2.25E0,-5.125E0,-3.9E0));
#4079=DIRECTION('',(8.682431421245E-1,4.961389383568E-1,0.E0));
#4080=DIRECTION('',(-4.961389383568E-1,8.682431421245E-1,0.E0));
#4081=AXIS2_PLACEMENT_3D('',#4078,#4079,#4080);
#4082=PLANE('',#4081);
#4083=ORIENTED_EDGE('',*,*,#4042,.T.);
#4085=ORIENTED_EDGE('',*,*,#4084,.F.);
#4087=ORIENTED_EDGE('',*,*,#4086,.T.);
#4089=ORIENTED_EDGE('',*,*,#4088,.T.);
#4090=EDGE_LOOP('',(#4083,#4085,#4087,#4089));
#4091=FACE_OUTER_BOUND('',#4090,.F.);
#4092=ADVANCED_FACE('',(#4091),#4082,.F.);
#4093=CARTESIAN_POINT('',(-2.35E0,-2.9E-1,-3.9E0));
#4094=DIRECTION('',(0.E0,0.E0,1.E0));
#4095=DIRECTION('',(0.E0,-1.E0,0.E0));
#4096=AXIS2_PLACEMENT_3D('',#4093,#4094,#4095);
#4097=PLANE('',#4096);
#4099=ORIENTED_EDGE('',*,*,#4098,.T.);
#4101=ORIENTED_EDGE('',*,*,#4100,.T.);
#4102=ORIENTED_EDGE('',*,*,#4084,.T.);
#4103=ORIENTED_EDGE('',*,*,#4073,.F.);
#4105=ORIENTED_EDGE('',*,*,#4104,.T.);
#4107=ORIENTED_EDGE('',*,*,#4106,.T.);
#4109=ORIENTED_EDGE('',*,*,#4108,.T.);
#4111=ORIENTED_EDGE('',*,*,#4110,.T.);
#4113=ORIENTED_EDGE('',*,*,#4112,.T.);
#4115=ORIENTED_EDGE('',*,*,#4114,.F.);
#4116=EDGE_LOOP('',(#4099,#4101,#4102,#4103,#4105,#4107,#4109,#4111,#4113,
#4115));
#4117=FACE_OUTER_BOUND('',#4116,.F.);
#4118=ADVANCED_FACE('',(#4117),#4097,.T.);
#4119=CARTESIAN_POINT('',(-1.97E0,-7.45E0,-3.9E0));
#4120=DIRECTION('',(9.897962490289E-1,1.424899484463E-1,0.E0));
#4121=DIRECTION('',(-1.424899484463E-1,9.897962490289E-1,0.E0));
#4122=AXIS2_PLACEMENT_3D('',#4119,#4120,#4121);
#4123=PLANE('',#4122);
#4124=ORIENTED_EDGE('',*,*,#4098,.F.);
#4126=ORIENTED_EDGE('',*,*,#4125,.T.);
#4128=ORIENTED_EDGE('',*,*,#4127,.T.);
#4130=ORIENTED_EDGE('',*,*,#4129,.T.);
#4132=ORIENTED_EDGE('',*,*,#4131,.F.);
#4133=EDGE_LOOP('',(#4124,#4126,#4128,#4130,#4132));
#4134=FACE_OUTER_BOUND('',#4133,.F.);
#4135=ADVANCED_FACE('',(#4134),#4123,.F.);
#4136=CARTESIAN_POINT('',(-2.35E0,-7.45E0,-3.9E0));
#4137=DIRECTION('',(0.E0,-1.E0,0.E0));
#4138=DIRECTION('',(0.E0,0.E0,-1.E0));
#4139=AXIS2_PLACEMENT_3D('',#4136,#4137,#4138);
#4140=PLANE('',#4139);
#4141=ORIENTED_EDGE('',*,*,#4125,.F.);
#4142=ORIENTED_EDGE('',*,*,#4114,.T.);
#4144=ORIENTED_EDGE('',*,*,#4143,.T.);
#4146=ORIENTED_EDGE('',*,*,#4145,.F.);
#4147=EDGE_LOOP('',(#4141,#4142,#4144,#4146));
#4148=FACE_OUTER_BOUND('',#4147,.F.);
#4149=ADVANCED_FACE('',(#4148),#4140,.T.);
#4150=CARTESIAN_POINT('',(-1.25E0,-5.505E0,-3.9E0));
#4151=DIRECTION('',(-9.897962490289E-1,1.424899484463E-1,0.E0));
#4152=DIRECTION('',(-1.424899484463E-1,-9.897962490289E-1,0.E0));
#4153=AXIS2_PLACEMENT_3D('',#4150,#4151,#4152);
#4154=PLANE('',#4153);
#4155=ORIENTED_EDGE('',*,*,#4112,.F.);
#4157=ORIENTED_EDGE('',*,*,#4156,.T.);
#4159=ORIENTED_EDGE('',*,*,#4158,.F.);
#4161=ORIENTED_EDGE('',*,*,#4160,.F.);
#4162=ORIENTED_EDGE('',*,*,#4143,.F.);
#4163=EDGE_LOOP('',(#4155,#4157,#4159,#4161,#4162));
#4164=FACE_OUTER_BOUND('',#4163,.F.);
#4165=ADVANCED_FACE('',(#4164),#4154,.F.);
#4166=CARTESIAN_POINT('',(-1.25E0,-5.125E0,-3.9E0));
#4167=DIRECTION('',(-1.E0,0.E0,0.E0));
#4168=DIRECTION('',(0.E0,-1.E0,0.E0));
#4169=AXIS2_PLACEMENT_3D('',#4166,#4167,#4168);
#4170=PLANE('',#4169);
#4171=ORIENTED_EDGE('',*,*,#4110,.F.);
#4173=ORIENTED_EDGE('',*,*,#4172,.T.);
#4175=ORIENTED_EDGE('',*,*,#4174,.T.);
#4176=ORIENTED_EDGE('',*,*,#4156,.F.);
#4177=EDGE_LOOP('',(#4171,#4173,#4175,#4176));
#4178=FACE_OUTER_BOUND('',#4177,.F.);
#4179=ADVANCED_FACE('',(#4178),#4170,.F.);
#4180=CARTESIAN_POINT('',(-1.15E0,-4.95E0,-3.9E0));
#4181=DIRECTION('',(-8.682431421245E-1,4.961389383568E-1,0.E0));
#4182=DIRECTION('',(-4.961389383568E-1,-8.682431421245E-1,0.E0));
#4183=AXIS2_PLACEMENT_3D('',#4180,#4181,#4182);
#4184=PLANE('',#4183);
#4186=ORIENTED_EDGE('',*,*,#4185,.F.);
#4188=ORIENTED_EDGE('',*,*,#4187,.T.);
#4189=ORIENTED_EDGE('',*,*,#4172,.F.);
#4190=ORIENTED_EDGE('',*,*,#4108,.F.);
#4191=EDGE_LOOP('',(#4186,#4188,#4189,#4190));
#4192=FACE_OUTER_BOUND('',#4191,.F.);
#4193=ADVANCED_FACE('',(#4192),#4184,.F.);
#4194=CARTESIAN_POINT('',(-1.15E0,3.95E0,-5.1E0));
#4195=DIRECTION('',(1.E0,0.E0,0.E0));
#4196=DIRECTION('',(0.E0,0.E0,-1.E0));
#4197=AXIS2_PLACEMENT_3D('',#4194,#4195,#4196);
#4198=PLANE('',#4197);
#4199=ORIENTED_EDGE('',*,*,#4185,.T.);
#4200=ORIENTED_EDGE('',*,*,#4106,.F.);
#4202=ORIENTED_EDGE('',*,*,#4201,.F.);
#4204=ORIENTED_EDGE('',*,*,#4203,.F.);
#4206=ORIENTED_EDGE('',*,*,#4205,.F.);
#4208=ORIENTED_EDGE('',*,*,#4207,.F.);
#4210=ORIENTED_EDGE('',*,*,#4209,.F.);
#4212=ORIENTED_EDGE('',*,*,#4211,.F.);
#4214=ORIENTED_EDGE('',*,*,#4213,.F.);
#4216=ORIENTED_EDGE('',*,*,#4215,.F.);
#4218=ORIENTED_EDGE('',*,*,#4217,.F.);
#4220=ORIENTED_EDGE('',*,*,#4219,.F.);
#4221=ORIENTED_EDGE('',*,*,#4030,.F.);
#4223=ORIENTED_EDGE('',*,*,#4222,.F.);
#4225=ORIENTED_EDGE('',*,*,#4224,.F.);
#4227=ORIENTED_EDGE('',*,*,#4226,.F.);
#4229=ORIENTED_EDGE('',*,*,#4228,.F.);
#4230=EDGE_LOOP('',(#4199,#4200,#4202,#4204,#4206,#4208,#4210,#4212,#4214,#4216,
#4218,#4220,#4221,#4223,#4225,#4227,#4229));
#4231=FACE_OUTER_BOUND('',#4230,.F.);
#4232=ADVANCED_FACE('',(#4231),#4198,.T.);
#4233=CARTESIAN_POINT('',(-2.35E0,-2.9E-1,-3.1E0));
#4234=DIRECTION('',(1.E0,0.E0,0.E0));
#4235=DIRECTION('',(0.E0,0.E0,-1.E0));
#4236=AXIS2_PLACEMENT_3D('',#4233,#4234,#4235);
#4237=CYLINDRICAL_SURFACE('',#4236,8.E-1);
#4238=ORIENTED_EDGE('',*,*,#4071,.F.);
#4240=ORIENTED_EDGE('',*,*,#4239,.T.);
#4241=ORIENTED_EDGE('',*,*,#4201,.T.);
#4242=ORIENTED_EDGE('',*,*,#4104,.F.);
#4243=EDGE_LOOP('',(#4238,#4240,#4241,#4242));
#4244=FACE_OUTER_BOUND('',#4243,.F.);
#4245=ADVANCED_FACE('',(#4244),#4237,.F.);
#4246=CARTESIAN_POINT('',(-2.35E0,5.1E-1,-6.E-1));
#4247=DIRECTION('',(0.E0,-1.E0,0.E0));
#4248=DIRECTION('',(0.E0,0.E0,-1.E0));
#4249=AXIS2_PLACEMENT_3D('',#4246,#4247,#4248);
#4250=PLANE('',#4249);
#4251=ORIENTED_EDGE('',*,*,#4069,.F.);
#4253=ORIENTED_EDGE('',*,*,#4252,.T.);
#4254=ORIENTED_EDGE('',*,*,#4203,.T.);
#4255=ORIENTED_EDGE('',*,*,#4239,.F.);
#4256=EDGE_LOOP('',(#4251,#4253,#4254,#4255));
#4257=FACE_OUTER_BOUND('',#4256,.F.);
#4258=ADVANCED_FACE('',(#4257),#4250,.T.);
#4259=CARTESIAN_POINT('',(-2.35E0,9.5E-1,3.E-1));
#4260=DIRECTION('',(0.E0,-8.983843609192E-1,4.392101320049E-1));
#4261=DIRECTION('',(0.E0,-4.392101320049E-1,-8.983843609192E-1));
#4262=AXIS2_PLACEMENT_3D('',#4259,#4260,#4261);
#4263=PLANE('',#4262);
#4264=ORIENTED_EDGE('',*,*,#4067,.F.);
#4266=ORIENTED_EDGE('',*,*,#4265,.T.);
#4267=ORIENTED_EDGE('',*,*,#4205,.T.);
#4268=ORIENTED_EDGE('',*,*,#4252,.F.);
#4269=EDGE_LOOP('',(#4264,#4266,#4267,#4268));
#4270=FACE_OUTER_BOUND('',#4269,.F.);
#4271=ADVANCED_FACE('',(#4270),#4263,.T.);
#4272=CARTESIAN_POINT('',(-2.35E0,9.5E-1,4.8E0));
#4273=DIRECTION('',(0.E0,-1.E0,0.E0));
#4274=DIRECTION('',(0.E0,0.E0,-1.E0));
#4275=AXIS2_PLACEMENT_3D('',#4272,#4273,#4274);
#4276=PLANE('',#4275);
#4277=ORIENTED_EDGE('',*,*,#4065,.F.);
#4279=ORIENTED_EDGE('',*,*,#4278,.T.);
#4280=ORIENTED_EDGE('',*,*,#4207,.T.);
#4281=ORIENTED_EDGE('',*,*,#4265,.F.);
#4282=EDGE_LOOP('',(#4277,#4279,#4280,#4281));
#4283=FACE_OUTER_BOUND('',#4282,.F.);
#4284=ADVANCED_FACE('',(#4283),#4276,.T.);
#4285=CARTESIAN_POINT('',(-2.35E0,1.5E0,5.1273E0));
#4286=DIRECTION('',(0.E0,-5.113904628111E-1,8.593484709627E-1));
#4287=DIRECTION('',(0.E0,-8.593484709627E-1,-5.113904628111E-1));
#4288=AXIS2_PLACEMENT_3D('',#4285,#4286,#4287);
#4289=PLANE('',#4288);
#4290=ORIENTED_EDGE('',*,*,#4063,.F.);
#4292=ORIENTED_EDGE('',*,*,#4291,.T.);
#4293=ORIENTED_EDGE('',*,*,#4209,.T.);
#4294=ORIENTED_EDGE('',*,*,#4278,.F.);
#4295=EDGE_LOOP('',(#4290,#4292,#4293,#4294));
#4296=FACE_OUTER_BOUND('',#4295,.F.);
#4297=ADVANCED_FACE('',(#4296),#4289,.T.);
#4298=CARTESIAN_POINT('',(-2.35E0,2.05E0,4.8E0));
#4299=DIRECTION('',(0.E0,5.113904628111E-1,8.593484709627E-1));
#4300=DIRECTION('',(0.E0,-8.593484709627E-1,5.113904628111E-1));
#4301=AXIS2_PLACEMENT_3D('',#4298,#4299,#4300);
#4302=PLANE('',#4301);
#4303=ORIENTED_EDGE('',*,*,#4061,.F.);
#4305=ORIENTED_EDGE('',*,*,#4304,.T.);
#4306=ORIENTED_EDGE('',*,*,#4211,.T.);
#4307=ORIENTED_EDGE('',*,*,#4291,.F.);
#4308=EDGE_LOOP('',(#4303,#4305,#4306,#4307));
#4309=FACE_OUTER_BOUND('',#4308,.F.);
#4310=ADVANCED_FACE('',(#4309),#4302,.T.);
#4311=CARTESIAN_POINT('',(-2.35E0,2.05E0,5.E-2));
#4312=DIRECTION('',(0.E0,1.E0,0.E0));
#4313=DIRECTION('',(0.E0,0.E0,1.E0));
#4314=AXIS2_PLACEMENT_3D('',#4311,#4312,#4313);
#4315=PLANE('',#4314);
#4316=ORIENTED_EDGE('',*,*,#4059,.F.);
#4318=ORIENTED_EDGE('',*,*,#4317,.T.);
#4319=ORIENTED_EDGE('',*,*,#4213,.T.);
#4320=ORIENTED_EDGE('',*,*,#4304,.F.);
#4321=EDGE_LOOP('',(#4316,#4318,#4319,#4320));
#4322=FACE_OUTER_BOUND('',#4321,.F.);
#4323=ADVANCED_FACE('',(#4322),#4315,.T.);
#4324=CARTESIAN_POINT('',(-2.35E0,1.925E0,-2.5E-1));
#4325=DIRECTION('',(0.E0,9.230769230769E-1,-3.846153846154E-1));
#4326=DIRECTION('',(0.E0,3.846153846154E-1,9.230769230769E-1));
#4327=AXIS2_PLACEMENT_3D('',#4324,#4325,#4326);
#4328=PLANE('',#4327);
#4329=ORIENTED_EDGE('',*,*,#4057,.F.);
#4331=ORIENTED_EDGE('',*,*,#4330,.T.);
#4332=ORIENTED_EDGE('',*,*,#4215,.T.);
#4333=ORIENTED_EDGE('',*,*,#4317,.F.);
#4334=EDGE_LOOP('',(#4329,#4331,#4332,#4333));
#4335=FACE_OUTER_BOUND('',#4334,.F.);
#4336=ADVANCED_FACE('',(#4335),#4328,.T.);
#4337=CARTESIAN_POINT('',(-2.35E0,1.925E0,-9.5E-1));
#4338=DIRECTION('',(0.E0,1.E0,0.E0));
#4339=DIRECTION('',(0.E0,0.E0,1.E0));
#4340=AXIS2_PLACEMENT_3D('',#4337,#4338,#4339);
#4341=PLANE('',#4340);
#4342=ORIENTED_EDGE('',*,*,#4055,.F.);
#4344=ORIENTED_EDGE('',*,*,#4343,.T.);
#4345=ORIENTED_EDGE('',*,*,#4217,.T.);
#4346=ORIENTED_EDGE('',*,*,#4330,.F.);
#4347=EDGE_LOOP('',(#4342,#4344,#4345,#4346));
#4348=FACE_OUTER_BOUND('',#4347,.F.);
#4349=ADVANCED_FACE('',(#4348),#4341,.T.);
#4350=CARTESIAN_POINT('',(-2.35E0,2.55E0,-9.5E-1));
#4351=DIRECTION('',(0.E0,0.E0,1.E0));
#4352=DIRECTION('',(0.E0,-1.E0,0.E0));
#4353=AXIS2_PLACEMENT_3D('',#4350,#4351,#4352);
#4354=PLANE('',#4353);
#4355=ORIENTED_EDGE('',*,*,#4032,.T.);
#4356=ORIENTED_EDGE('',*,*,#4219,.T.);
#4357=ORIENTED_EDGE('',*,*,#4343,.F.);
#4358=ORIENTED_EDGE('',*,*,#4053,.F.);
#4359=EDGE_LOOP('',(#4355,#4356,#4357,#4358));
#4360=FACE_OUTER_BOUND('',#4359,.F.);
#4361=ADVANCED_FACE('',(#4360),#4354,.T.);
#4362=CARTESIAN_POINT('',(-2.35E0,9.5E-1,-2.7E0));
#4363=DIRECTION('',(0.E0,0.E0,-1.E0));
#4364=DIRECTION('',(0.E0,1.E0,0.E0));
#4365=AXIS2_PLACEMENT_3D('',#4362,#4363,#4364);
#4366=PLANE('',#4365);
#4367=ORIENTED_EDGE('',*,*,#4028,.F.);
#4368=ORIENTED_EDGE('',*,*,#4050,.F.);
#4370=ORIENTED_EDGE('',*,*,#4369,.T.);
#4371=ORIENTED_EDGE('',*,*,#4222,.T.);
#4372=EDGE_LOOP('',(#4367,#4368,#4370,#4371));
#4373=FACE_OUTER_BOUND('',#4372,.F.);
#4374=ADVANCED_FACE('',(#4373),#4366,.T.);
#4375=CARTESIAN_POINT('',(-2.35E0,9.5E-1,-2.9E0));
#4376=DIRECTION('',(0.E0,1.E0,0.E0));
#4377=DIRECTION('',(0.E0,0.E0,1.E0));
#4378=AXIS2_PLACEMENT_3D('',#4375,#4376,#4377);
#4379=PLANE('',#4378);
#4380=ORIENTED_EDGE('',*,*,#4048,.F.);
#4382=ORIENTED_EDGE('',*,*,#4381,.T.);
#4383=ORIENTED_EDGE('',*,*,#4224,.T.);
#4384=ORIENTED_EDGE('',*,*,#4369,.F.);
#4385=EDGE_LOOP('',(#4380,#4382,#4383,#4384));
#4386=FACE_OUTER_BOUND('',#4385,.F.);
#4387=ADVANCED_FACE('',(#4386),#4379,.T.);
#4388=CARTESIAN_POINT('',(-2.35E0,-5.5E-1,-2.9E0));
#4389=DIRECTION('',(1.E0,0.E0,0.E0));
#4390=DIRECTION('',(0.E0,0.E0,-1.E0));
#4391=AXIS2_PLACEMENT_3D('',#4388,#4389,#4390);
#4392=CYLINDRICAL_SURFACE('',#4391,1.5E0);
#4393=ORIENTED_EDGE('',*,*,#4046,.F.);
#4395=ORIENTED_EDGE('',*,*,#4394,.T.);
#4396=ORIENTED_EDGE('',*,*,#4226,.T.);
#4397=ORIENTED_EDGE('',*,*,#4381,.F.);
#4398=EDGE_LOOP('',(#4393,#4395,#4396,#4397));
#4399=FACE_OUTER_BOUND('',#4398,.F.);
#4400=ADVANCED_FACE('',(#4399),#4392,.T.);
#4401=CARTESIAN_POINT('',(-2.35E0,-4.95E0,-4.4E0));
#4402=DIRECTION('',(0.E0,0.E0,-1.E0));
#4403=DIRECTION('',(0.E0,1.E0,0.E0));
#4404=AXIS2_PLACEMENT_3D('',#4401,#4402,#4403);
#4405=PLANE('',#4404);
#4407=ORIENTED_EDGE('',*,*,#4406,.T.);
#4408=ORIENTED_EDGE('',*,*,#4228,.T.);
#4409=ORIENTED_EDGE('',*,*,#4394,.F.);
#4410=ORIENTED_EDGE('',*,*,#4044,.F.);
#4411=EDGE_LOOP('',(#4407,#4408,#4409,#4410));
#4412=FACE_OUTER_BOUND('',#4411,.F.);
#4413=ADVANCED_FACE('',(#4412),#4405,.T.);
#4414=CARTESIAN_POINT('',(-2.35E0,-5.95E0,-4.5E0));
#4415=DIRECTION('',(0.E0,9.950371902100E-2,-9.950371902100E-1));
#4416=DIRECTION('',(0.E0,9.950371902100E-1,9.950371902100E-2));
#4417=AXIS2_PLACEMENT_3D('',#4414,#4415,#4416);
#4418=PLANE('',#4417);
#4419=ORIENTED_EDGE('',*,*,#4129,.F.);
#4421=ORIENTED_EDGE('',*,*,#4420,.T.);
#4422=ORIENTED_EDGE('',*,*,#4158,.T.);
#4423=ORIENTED_EDGE('',*,*,#4174,.F.);
#4424=ORIENTED_EDGE('',*,*,#4187,.F.);
#4425=ORIENTED_EDGE('',*,*,#4406,.F.);
#4426=ORIENTED_EDGE('',*,*,#4088,.F.);
#4428=ORIENTED_EDGE('',*,*,#4427,.F.);
#4429=EDGE_LOOP('',(#4419,#4421,#4422,#4423,#4424,#4425,#4426,#4428));
#4430=FACE_OUTER_BOUND('',#4429,.F.);
#4431=ADVANCED_FACE('',(#4430),#4418,.T.);
#4432=CARTESIAN_POINT('',(-2.35E0,-7.45E0,-4.15E0));
#4433=DIRECTION('',(0.E0,-2.272296156064E-1,-9.738412097418E-1));
#4434=DIRECTION('',(0.E0,9.738412097418E-1,-2.272296156064E-1));
#4435=AXIS2_PLACEMENT_3D('',#4432,#4433,#4434);
#4436=PLANE('',#4435);
#4437=ORIENTED_EDGE('',*,*,#4127,.F.);
#4438=ORIENTED_EDGE('',*,*,#4145,.T.);
#4439=ORIENTED_EDGE('',*,*,#4160,.T.);
#4440=ORIENTED_EDGE('',*,*,#4420,.F.);
#4441=EDGE_LOOP('',(#4437,#4438,#4439,#4440));
#4442=FACE_OUTER_BOUND('',#4441,.F.);
#4443=ADVANCED_FACE('',(#4442),#4436,.T.);
#4444=CARTESIAN_POINT('',(-2.25E0,-5.505E0,-3.9E0));
#4445=DIRECTION('',(1.E0,0.E0,0.E0));
#4446=DIRECTION('',(0.E0,1.E0,0.E0));
#4447=AXIS2_PLACEMENT_3D('',#4444,#4445,#4446);
#4448=PLANE('',#4447);
#4449=ORIENTED_EDGE('',*,*,#4100,.F.);
#4450=ORIENTED_EDGE('',*,*,#4131,.T.);
#4451=ORIENTED_EDGE('',*,*,#4427,.T.);
#4452=ORIENTED_EDGE('',*,*,#4086,.F.);
#4453=EDGE_LOOP('',(#4449,#4450,#4451,#4452));
#4454=FACE_OUTER_BOUND('',#4453,.F.);
#4455=ADVANCED_FACE('',(#4454),#4448,.F.);
#4456=CARTESIAN_POINT('',(4.05E0,3.45E0,-3.1E0));
#4457=DIRECTION('',(-1.E0,0.E0,0.E0));
#4458=DIRECTION('',(0.E0,1.E0,0.E0));
#4459=AXIS2_PLACEMENT_3D('',#4456,#4457,#4458);
#4460=PLANE('',#4459);
#4461=ORIENTED_EDGE('',*,*,#2558,.T.);
#4463=ORIENTED_EDGE('',*,*,#4462,.T.);
#4464=ORIENTED_EDGE('',*,*,#2760,.T.);
#4465=ORIENTED_EDGE('',*,*,#2802,.F.);
#4466=EDGE_LOOP('',(#4461,#4463,#4464,#4465));
#4467=FACE_OUTER_BOUND('',#4466,.F.);
#4468=ADVANCED_FACE('',(#4467),#4460,.F.);
#4469=CARTESIAN_POINT('',(4.55E0,3.45E0,-3.1E0));
#4470=DIRECTION('',(0.E0,-1.E0,0.E0));
#4471=DIRECTION('',(-1.E0,0.E0,0.E0));
#4472=AXIS2_PLACEMENT_3D('',#4469,#4470,#4471);
#4473=PLANE('',#4472);
#4474=ORIENTED_EDGE('',*,*,#2735,.F.);
#4475=ORIENTED_EDGE('',*,*,#2762,.T.);
#4476=ORIENTED_EDGE('',*,*,#4462,.F.);
#4477=ORIENTED_EDGE('',*,*,#2556,.F.);
#4478=EDGE_LOOP('',(#4474,#4475,#4476,#4477));
#4479=FACE_OUTER_BOUND('',#4478,.F.);
#4480=ADVANCED_FACE('',(#4479),#4473,.F.);
#4481=CARTESIAN_POINT('',(-2.75E0,3.95E0,-5.1E0));
#4482=DIRECTION('',(0.E0,0.E0,1.E0));
#4483=DIRECTION('',(1.E0,0.E0,0.E0));
#4484=AXIS2_PLACEMENT_3D('',#4481,#4482,#4483);
#4485=PLANE('',#4484);
#4486=ORIENTED_EDGE('',*,*,#2397,.T.);
#4487=ORIENTED_EDGE('',*,*,#2517,.F.);
#4488=ORIENTED_EDGE('',*,*,#2452,.F.);
#4489=ORIENTED_EDGE('',*,*,#2358,.T.);
#4490=EDGE_LOOP('',(#4486,#4487,#4488,#4489));
#4491=FACE_OUTER_BOUND('',#4490,.F.);
#4492=ADVANCED_FACE('',(#4491),#4485,.F.);
#4493=CARTESIAN_POINT('',(-3.8E0,-4.55E0,3.E-1));
#4494=DIRECTION('',(0.E0,-1.E0,0.E0));
#4495=DIRECTION('',(1.E0,0.E0,0.E0));
#4496=AXIS2_PLACEMENT_3D('',#4493,#4494,#4495);
#4497=CYLINDRICAL_SURFACE('',#4496,7.5E-1);
#4498=ORIENTED_EDGE('',*,*,#2254,.F.);
#4500=ORIENTED_EDGE('',*,*,#4499,.T.);
#4502=ORIENTED_EDGE('',*,*,#4501,.T.);
#4504=ORIENTED_EDGE('',*,*,#4503,.F.);
#4505=EDGE_LOOP('',(#4498,#4500,#4502,#4504));
#4506=FACE_OUTER_BOUND('',#4505,.F.);
#4507=ADVANCED_FACE('',(#4506),#4497,.T.);
#4508=CARTESIAN_POINT('',(-3.8E0,-4.55E0,3.E-1));
#4509=DIRECTION('',(0.E0,-1.E0,0.E0));
#4510=DIRECTION('',(-1.E0,0.E0,0.E0));
#4511=AXIS2_PLACEMENT_3D('',#4508,#4509,#4510);
#4512=CYLINDRICAL_SURFACE('',#4511,7.5E-1);
#4513=ORIENTED_EDGE('',*,*,#2264,.F.);
#4514=ORIENTED_EDGE('',*,*,#4503,.T.);
#4516=ORIENTED_EDGE('',*,*,#4515,.T.);
#4517=ORIENTED_EDGE('',*,*,#4499,.F.);
#4518=EDGE_LOOP('',(#4513,#4514,#4516,#4517));
#4519=FACE_OUTER_BOUND('',#4518,.F.);
#4520=ADVANCED_FACE('',(#4519),#4512,.T.);
#4521=CARTESIAN_POINT('',(-3.8E0,-5.3E0,3.E-1));
#4522=DIRECTION('',(0.E0,1.E0,0.E0));
#4523=DIRECTION('',(1.E0,0.E0,0.E0));
#4524=AXIS2_PLACEMENT_3D('',#4521,#4522,#4523);
#4525=CONICAL_SURFACE('',#4524,6.75E-1,2.656505117708E1);
#4526=ORIENTED_EDGE('',*,*,#4515,.F.);
#4528=ORIENTED_EDGE('',*,*,#4527,.T.);
#4530=ORIENTED_EDGE('',*,*,#4529,.T.);
#4532=ORIENTED_EDGE('',*,*,#4531,.F.);
#4533=EDGE_LOOP('',(#4526,#4528,#4530,#4532));
#4534=FACE_OUTER_BOUND('',#4533,.F.);
#4535=ADVANCED_FACE('',(#4534),#4525,.T.);
#4536=CARTESIAN_POINT('',(-3.8E0,-5.3E0,3.E-1));
#4537=DIRECTION('',(0.E0,1.E0,0.E0));
#4538=DIRECTION('',(-1.E0,0.E0,0.E0));
#4539=AXIS2_PLACEMENT_3D('',#4536,#4537,#4538);
#4540=CONICAL_SURFACE('',#4539,6.75E-1,2.656505117708E1);
#4541=ORIENTED_EDGE('',*,*,#4501,.F.);
#4542=ORIENTED_EDGE('',*,*,#4531,.T.);
#4544=ORIENTED_EDGE('',*,*,#4543,.T.);
#4545=ORIENTED_EDGE('',*,*,#4527,.F.);
#4546=EDGE_LOOP('',(#4541,#4542,#4544,#4545));
#4547=FACE_OUTER_BOUND('',#4546,.F.);
#4548=ADVANCED_FACE('',(#4547),#4540,.T.);
#4549=CARTESIAN_POINT('',(-4.55E0,-5.45E0,5.1E0));
#4550=DIRECTION('',(0.E0,-1.E0,0.E0));
#4551=DIRECTION('',(1.E0,0.E0,0.E0));
#4552=AXIS2_PLACEMENT_3D('',#4549,#4550,#4551);
#4553=PLANE('',#4552);
#4554=ORIENTED_EDGE('',*,*,#4543,.F.);
#4555=ORIENTED_EDGE('',*,*,#4529,.F.);
#4556=EDGE_LOOP('',(#4554,#4555));
#4557=FACE_OUTER_BOUND('',#4556,.F.);
#4558=ADVANCED_FACE('',(#4557),#4553,.T.);
#4559=CARTESIAN_POINT('',(3.8E0,-4.55E0,3.E-1));
#4560=DIRECTION('',(0.E0,-1.E0,0.E0));
#4561=DIRECTION('',(1.E0,0.E0,0.E0));
#4562=AXIS2_PLACEMENT_3D('',#4559,#4560,#4561);
#4563=CYLINDRICAL_SURFACE('',#4562,7.5E-1);
#4564=ORIENTED_EDGE('',*,*,#2274,.F.);
#4566=ORIENTED_EDGE('',*,*,#4565,.T.);
#4568=ORIENTED_EDGE('',*,*,#4567,.T.);
#4570=ORIENTED_EDGE('',*,*,#4569,.F.);
#4571=EDGE_LOOP('',(#4564,#4566,#4568,#4570));
#4572=FACE_OUTER_BOUND('',#4571,.F.);
#4573=ADVANCED_FACE('',(#4572),#4563,.T.);
#4574=CARTESIAN_POINT('',(3.8E0,-4.55E0,3.E-1));
#4575=DIRECTION('',(0.E0,-1.E0,0.E0));
#4576=DIRECTION('',(-1.E0,0.E0,0.E0));
#4577=AXIS2_PLACEMENT_3D('',#4574,#4575,#4576);
#4578=CYLINDRICAL_SURFACE('',#4577,7.5E-1);
#4579=ORIENTED_EDGE('',*,*,#2276,.F.);
#4580=ORIENTED_EDGE('',*,*,#4569,.T.);
#4582=ORIENTED_EDGE('',*,*,#4581,.T.);
#4583=ORIENTED_EDGE('',*,*,#4565,.F.);
#4584=EDGE_LOOP('',(#4579,#4580,#4582,#4583));
#4585=FACE_OUTER_BOUND('',#4584,.F.);
#4586=ADVANCED_FACE('',(#4585),#4578,.T.);
#4587=CARTESIAN_POINT('',(3.8E0,-5.3E0,3.E-1));
#4588=DIRECTION('',(0.E0,1.E0,0.E0));
#4589=DIRECTION('',(1.E0,0.E0,0.E0));
#4590=AXIS2_PLACEMENT_3D('',#4587,#4588,#4589);
#4591=CONICAL_SURFACE('',#4590,6.75E-1,2.656505117708E1);
#4592=ORIENTED_EDGE('',*,*,#4581,.F.);
#4594=ORIENTED_EDGE('',*,*,#4593,.T.);
#4596=ORIENTED_EDGE('',*,*,#4595,.T.);
#4598=ORIENTED_EDGE('',*,*,#4597,.F.);
#4599=EDGE_LOOP('',(#4592,#4594,#4596,#4598));
#4600=FACE_OUTER_BOUND('',#4599,.F.);
#4601=ADVANCED_FACE('',(#4600),#4591,.T.);
#4602=CARTESIAN_POINT('',(3.8E0,-5.3E0,3.E-1));
#4603=DIRECTION('',(0.E0,1.E0,0.E0));
#4604=DIRECTION('',(-1.E0,0.E0,0.E0));
#4605=AXIS2_PLACEMENT_3D('',#4602,#4603,#4604);
#4606=CONICAL_SURFACE('',#4605,6.75E-1,2.656505117708E1);
#4607=ORIENTED_EDGE('',*,*,#4567,.F.);
#4608=ORIENTED_EDGE('',*,*,#4597,.T.);
#4610=ORIENTED_EDGE('',*,*,#4609,.T.);
#4611=ORIENTED_EDGE('',*,*,#4593,.F.);
#4612=EDGE_LOOP('',(#4607,#4608,#4610,#4611));
#4613=FACE_OUTER_BOUND('',#4612,.F.);
#4614=ADVANCED_FACE('',(#4613),#4606,.T.);
#4615=CARTESIAN_POINT('',(-4.55E0,-5.45E0,5.1E0));
#4616=DIRECTION('',(0.E0,-1.E0,0.E0));
#4617=DIRECTION('',(1.E0,0.E0,0.E0));
#4618=AXIS2_PLACEMENT_3D('',#4615,#4616,#4617);
#4619=PLANE('',#4618);
#4620=ORIENTED_EDGE('',*,*,#4609,.F.);
#4621=ORIENTED_EDGE('',*,*,#4595,.F.);
#4622=EDGE_LOOP('',(#4620,#4621));
#4623=FACE_OUTER_BOUND('',#4622,.F.);
#4624=ADVANCED_FACE('',(#4623),#4619,.T.);
#4625=CLOSED_SHELL('',(#2228,#2248,#2268,#2290,#2305,#2319,#2334,#2348,#2366,
#2408,#2425,#2439,#2456,#2476,#2493,#2521,#2535,#2550,#2581,#2607,#2620,#2636,
#2648,#2661,#2675,#2689,#2701,#2714,#2727,#2751,#2766,#2806,#2833,#2849,#2865,
#2879,#2894,#2910,#2925,#2941,#2955,#2970,#2983,#2995,#3010,#3024,#3039,#3053,
#3067,#3081,#3095,#3108,#3131,#3149,#3163,#3180,#3209,#3224,#3241,#3258,#3280,
#3294,#3319,#3333,#3347,#3360,#3384,#3398,#3419,#3442,#3455,#3467,#3508,#3523,
#3549,#3566,#3580,#3596,#3610,#3624,#3663,#3676,#3689,#3702,#3715,#3728,#3741,
#3754,#3767,#3780,#3792,#3805,#3818,#3831,#3844,#3862,#3874,#3886,#3898,#3911,
#3924,#3938,#3951,#3963,#3975,#3988,#4002,#4014,#4036,#4077,#4092,#4118,#4135,
#4149,#4165,#4179,#4193,#4232,#4245,#4258,#4271,#4284,#4297,#4310,#4323,#4336,
#4349,#4361,#4374,#4387,#4400,#4413,#4431,#4443,#4455,#4468,#4480,#4492,#4507,
#4520,#4535,#4548,#4558,#4573,#4586,#4601,#4614,#4624));
#4626=MANIFOLD_SOLID_BREP('',#4625);
#4627=CARTESIAN_POINT('',(0.E0,0.E0,0.E0));
#4628=DIRECTION('',(0.E0,0.E0,1.E0));
#4629=DIRECTION('',(1.E0,0.E0,0.E0));
#4630=AXIS2_PLACEMENT_3D('CSYS',#4627,#4628,#4629);
#4631=CARTESIAN_POINT('',(-1.75E0,-3.95E0,-4.2E0));
#4632=DIRECTION('',(0.E0,-1.E0,0.E0));
#4633=DIRECTION('',(1.E0,0.E0,0.E0));
#4634=AXIS2_PLACEMENT_3D('',#4631,#4632,#4633);
#4638=CARTESIAN_POINT('',(-1.75E0,-3.95E0,-4.2E0));
#4639=DIRECTION('',(0.E0,-1.E0,0.E0));
#4640=DIRECTION('',(-1.E0,0.E0,0.E0));
#4641=AXIS2_PLACEMENT_3D('',#4638,#4639,#4640);
#4647=CARTESIAN_POINT('',(1.75E0,-3.95E0,-4.2E0));
#4648=DIRECTION('',(0.E0,-1.E0,0.E0));
#4649=DIRECTION('',(1.E0,0.E0,0.E0));
#4650=AXIS2_PLACEMENT_3D('',#4647,#4648,#4649);
#4654=CARTESIAN_POINT('',(1.75E0,-3.95E0,-4.2E0));
#4655=DIRECTION('',(0.E0,-1.E0,0.E0));
#4656=DIRECTION('',(-1.E0,0.E0,0.E0));
#4657=AXIS2_PLACEMENT_3D('',#4654,#4655,#4656);
#4662=CARTESIAN_POINT('',(-3.8E0,-3.95E0,3.E-1));
#4663=DIRECTION('',(0.E0,-1.E0,0.E0));
#4664=DIRECTION('',(1.E0,0.E0,0.E0));
#4665=AXIS2_PLACEMENT_3D('',#4662,#4663,#4664);
#4669=CARTESIAN_POINT('',(-3.8E0,-3.95E0,3.E-1));
#4670=DIRECTION('',(0.E0,-1.E0,0.E0));
#4671=DIRECTION('',(-1.E0,0.E0,0.E0));
#4672=AXIS2_PLACEMENT_3D('',#4669,#4670,#4671);
#4677=CARTESIAN_POINT('',(3.8E0,-3.95E0,3.E-1));
#4678=DIRECTION('',(0.E0,-1.E0,0.E0));
#4679=DIRECTION('',(1.E0,0.E0,0.E0));
#4680=AXIS2_PLACEMENT_3D('',#4677,#4678,#4679);
#4684=CARTESIAN_POINT('',(3.8E0,-3.95E0,3.E-1));
#4685=DIRECTION('',(0.E0,-1.E0,0.E0));
#4686=DIRECTION('',(-1.E0,0.E0,0.E0));
#4687=AXIS2_PLACEMENT_3D('',#4684,#4685,#4686);
#4692=DIRECTION('',(0.E0,1.E0,0.E0));
#4693=VECTOR('',#4692,1.4E0);
#4694=CARTESIAN_POINT('',(-3.E0,-2.45E0,-2.E-1));
#4695=LINE('',#4694,#4693);
#4698=DIRECTION('',(-1.E0,0.E0,0.E0));
#4699=VECTOR('',#4698,1.75E-1);
#4700=CARTESIAN_POINT('',(-3.E0,-1.05E0,-2.E-1));
#4701=LINE('',#4700,#4699);
#4704=DIRECTION('',(-6.428712937139E-1,-7.659742160926E-1,0.E0));
#4705=VECTOR('',#4704,2.722162300777E-1);
#4706=CARTESIAN_POINT('',(-3.175E0,-1.05E0,-2.E-1));
#4707=LINE('',#4706,#4705);
#4710=DIRECTION('',(0.E0,-1.E0,0.E0));
#4711=VECTOR('',#4710,2.382979273796E-1);
#4712=CARTESIAN_POINT('',(-3.35E0,-1.258510613441E0,-2.E-1));
#4713=LINE('',#4712,#4711);
#4716=DIRECTION('',(6.428711427642E-1,7.659743427825E-1,0.E0));
#4717=VECTOR('',#4716,2.722162939956E-1);
#4718=CARTESIAN_POINT('',(-3.35E0,-1.496808540821E0,-2.E-1));
#4719=LINE('',#4718,#4717);
#4722=DIRECTION('',(0.E0,-1.E0,0.E0));
#4723=VECTOR('',#4722,1.161702156067E0);
#4724=CARTESIAN_POINT('',(-3.175E0,-1.288297843933E0,-2.E-1));
#4725=LINE('',#4724,#4723);
#4728=DIRECTION('',(1.E0,0.E0,0.E0));
#4729=VECTOR('',#4728,1.75E-1);
#4730=CARTESIAN_POINT('',(-3.175E0,-2.45E0,-2.E-1));
#4731=LINE('',#4730,#4729);
#4736=DIMENSIONAL_EXPONENTS(0.E0,0.E0,0.E0,0.E0,0.E0,0.E0,0.E0);
#4738=PLANE_ANGLE_MEASURE_WITH_UNIT(PLANE_ANGLE_MEASURE(1.745329251994E-2),
#4737);
#4739=(CONVERSION_BASED_UNIT('DEGREE',#4738)NAMED_UNIT(*)PLANE_ANGLE_UNIT());
#4741=UNCERTAINTY_MEASURE_WITH_UNIT(LENGTH_MEASURE(2.083819232791E-3),#4735,
'closure',
'Maximum model space distance between geometric entities at asserted connectivities');
#4742=(GEOMETRIC_REPRESENTATION_CONTEXT(3)GLOBAL_UNCERTAINTY_ASSIGNED_CONTEXT((
#4741))GLOBAL_UNIT_ASSIGNED_CONTEXT((#4735,#4739,#4740))REPRESENTATION_CONTEXT(
'ID1','3'));
#4646=GEOMETRIC_SET('',(#4645,#4661,#4676,#4691,#4734));
#4746=SHAPE_REPRESENTATION_RELATIONSHIP('','',#4745,#4743);
#4747=SHAPE_REPRESENTATION_RELATIONSHIP('','',#4745,#4744);
#4748=APPLICATION_CONTEXT(
'CONFIGURATION CONTROLLED 3D DESIGNS OF MECHANICAL PARTS AND ASSEMBLIES');
#4749=APPLICATION_PROTOCOL_DEFINITION('international standard',
'config_control_design',1994,#4748);
#4750=DESIGN_CONTEXT('',#4748,'design');
#4751=MECHANICAL_CONTEXT('',#4748,'mechanical');
#4752=PRODUCT('532590229','532590229','NOT SPECIFIED',(#4751));
#4753=PRODUCT_DEFINITION_FORMATION_WITH_SPECIFIED_SOURCE('9','LAST_VERSION',
#4752,.MADE.);
#4757=PRODUCT_CATEGORY('part','');
#4758=PRODUCT_RELATED_PRODUCT_CATEGORY('detail','',(#4752));
#4759=PRODUCT_CATEGORY_RELATIONSHIP('','',#4757,#4758);
#4760=SECURITY_CLASSIFICATION_LEVEL('unclassified');
#4761=SECURITY_CLASSIFICATION('','',#4760);
#4762=CC_DESIGN_SECURITY_CLASSIFICATION(#4761,(#4753));
#4763=APPROVAL_STATUS('approved');
#4764=APPROVAL(#4763,'');
#4765=CC_DESIGN_APPROVAL(#4764,(#4761,#4753,#4754));
#4766=CALENDAR_DATE(116,30,9);
#4767=COORDINATED_UNIVERSAL_TIME_OFFSET(5,30,.AHEAD.);
#4768=LOCAL_TIME(14,8,3.E0,#4767);
#4769=DATE_AND_TIME(#4766,#4768);
#4770=APPROVAL_DATE_TIME(#4769,#4764);
#4771=DATE_TIME_ROLE('creation_date');
#4772=CC_DESIGN_DATE_AND_TIME_ASSIGNMENT(#4769,#4771,(#4754));
#4773=DATE_TIME_ROLE('classification_date');
#4774=CC_DESIGN_DATE_AND_TIME_ASSIGNMENT(#4769,#4773,(#4761));
#4775=PERSON('UNSPECIFIED','UNSPECIFIED',$,$,$,$);
#4776=ORGANIZATION('UNSPECIFIED','UNSPECIFIED','UNSPECIFIED');
#4777=PERSON_AND_ORGANIZATION(#4775,#4776);
#4778=APPROVAL_ROLE('approver');
#4779=APPROVAL_PERSON_ORGANIZATION(#4777,#4764,#4778);
#4780=PERSON_AND_ORGANIZATION_ROLE('creator');
#4781=CC_DESIGN_PERSON_AND_ORGANIZATION_ASSIGNMENT(#4777,#4780,(#4753,#4754));
#4782=PERSON_AND_ORGANIZATION_ROLE('design_supplier');
#4783=CC_DESIGN_PERSON_AND_ORGANIZATION_ASSIGNMENT(#4777,#4782,(#4753));
#4784=PERSON_AND_ORGANIZATION_ROLE('classification_officer');
#4785=CC_DESIGN_PERSON_AND_ORGANIZATION_ASSIGNMENT(#4777,#4784,(#4761));
#4786=PERSON_AND_ORGANIZATION_ROLE('design_owner');
#4787=CC_DESIGN_PERSON_AND_ORGANIZATION_ASSIGNMENT(#4777,#4786,(#4752));
#65=CIRCLE('',#64,7.5E-1);
#74=CIRCLE('',#73,7.5E-1);
#79=CIRCLE('',#78,7.5E-1);
#84=CIRCLE('',#83,7.5E-1);
#457=CIRCLE('',#456,5.5E-1);
#490=CIRCLE('',#489,5.5E-1);
#679=CIRCLE('',#678,5.5E-1);
#692=CIRCLE('',#691,5.5E-1);
#941=CIRCLE('',#940,1.5E0);
#990=CIRCLE('',#989,8.E-1);
#1059=CIRCLE('',#1058,8.E-1);
#1108=CIRCLE('',#1107,1.5E0);
#1321=CIRCLE('',#1320,1.5E0);
#1370=CIRCLE('',#1369,8.E-1);
#1439=CIRCLE('',#1438,8.E-1);
#1488=CIRCLE('',#1487,1.5E0);
#1613=CIRCLE('',#1612,7.5E-1);
#1622=CIRCLE('',#1621,7.5E-1);
#1631=CIRCLE('',#1630,6.E-1);
#1636=CIRCLE('',#1635,6.E-1);
#1649=CIRCLE('',#1648,7.5E-1);
#1658=CIRCLE('',#1657,7.5E-1);
#1667=CIRCLE('',#1666,6.E-1);
#1672=CIRCLE('',#1671,6.E-1);
#2206=EDGE_CURVE('',#1680,#2158,#4,.T.);
#2208=EDGE_CURVE('',#2158,#1683,#8,.T.);
#2210=EDGE_CURVE('',#1683,#1684,#12,.T.);
#2212=EDGE_CURVE('',#1684,#1686,#16,.T.);
#2214=EDGE_CURVE('',#1686,#1688,#20,.T.);
#2216=EDGE_CURVE('',#1688,#1690,#24,.T.);
#2218=EDGE_CURVE('',#1690,#1675,#28,.T.);
#2220=EDGE_CURVE('',#1675,#1676,#32,.T.);
#2222=EDGE_CURVE('',#1676,#1678,#36,.T.);
#2224=EDGE_CURVE('',#1678,#1680,#40,.T.);
#2234=EDGE_CURVE('',#2080,#2082,#44,.T.);
#2236=EDGE_CURVE('',#1813,#2082,#48,.T.);
#2238=EDGE_CURVE('',#1809,#1813,#356,.T.);
#2240=EDGE_CURVE('',#1878,#1809,#52,.T.);
#2242=EDGE_CURVE('',#1872,#1878,#56,.T.);
#2244=EDGE_CURVE('',#1872,#2080,#60,.T.);
#2254=EDGE_CURVE('',#2157,#2158,#65,.T.);
#2257=EDGE_CURVE('',#1680,#1876,#69,.T.);
#2259=EDGE_CURVE('',#1801,#1876,#124,.T.);
#2261=EDGE_CURVE('',#1683,#1801,#340,.T.);
#2264=EDGE_CURVE('',#2158,#2157,#74,.T.);
#2274=EDGE_CURVE('',#2169,#2170,#79,.T.);
#2276=EDGE_CURVE('',#2170,#2169,#84,.T.);
#2278=EDGE_CURVE('',#2169,#1701,#416,.T.);
#2280=EDGE_CURVE('',#1973,#1701,#348,.T.);
#2282=EDGE_CURVE('',#2076,#1973,#148,.T.);
#2284=EDGE_CURVE('',#2076,#1698,#88,.T.);
#2286=EDGE_CURVE('',#1698,#2169,#420,.T.);
#2296=EDGE_CURVE('',#2079,#2080,#112,.T.);
#2298=EDGE_CURVE('',#2079,#2088,#92,.T.);
#2300=EDGE_CURVE('',#2082,#2088,#1220,.T.);
#2311=EDGE_CURVE('',#1875,#1876,#96,.T.);
#2315=EDGE_CURVE('',#1678,#1875,#100,.T.);
#2325=EDGE_CURVE('',#2075,#2076,#104,.T.);
#2327=EDGE_CURVE('',#2075,#1696,#108,.T.);
#2329=EDGE_CURVE('',#1696,#1698,#424,.T.);
#2342=EDGE_CURVE('',#1871,#1872,#116,.T.);
#2344=EDGE_CURVE('',#1871,#2079,#120,.T.);
#2356=EDGE_CURVE('',#1875,#1885,#128,.T.);
#2358=EDGE_CURVE('',#1804,#1885,#1600,.T.);
#2360=EDGE_CURVE('',#1802,#1804,#364,.T.);
#2362=EDGE_CURVE('',#1801,#1802,#336,.T.);
#2373=EDGE_CURVE('',#2075,#2094,#132,.T.);
#2375=EDGE_CURVE('',#2092,#2094,#152,.T.);
#2377=EDGE_CURVE('',#2085,#2092,#868,.T.);
#2379=EDGE_CURVE('',#2085,#2086,#240,.T.);
#2381=EDGE_CURVE('',#2090,#2086,#840,.T.);
#2383=EDGE_CURVE('',#2088,#2090,#1212,.T.);
#2387=EDGE_CURVE('',#1871,#1890,#136,.T.);
#2389=EDGE_CURVE('',#1888,#1890,#320,.T.);
#2391=EDGE_CURVE('',#1881,#1888,#296,.T.);
#2393=EDGE_CURVE('',#1881,#1882,#228,.T.);
#2395=EDGE_CURVE('',#1886,#1882,#204,.T.);
#2397=EDGE_CURVE('',#1885,#1886,#1596,.T.);
#2402=EDGE_CURVE('',#1676,#1694,#140,.T.);
#2404=EDGE_CURVE('',#1694,#1696,#428,.T.);
#2414=EDGE_CURVE('',#1978,#2094,#144,.T.);
#2419=EDGE_CURVE('',#1973,#1974,#344,.T.);
#2421=EDGE_CURVE('',#1974,#1978,#372,.T.);
#2433=EDGE_CURVE('',#1977,#1978,#196,.T.);
#2435=EDGE_CURVE('',#1977,#2092,#156,.T.);
#2445=EDGE_CURVE('',#1806,#1831,#160,.T.);
#2447=EDGE_CURVE('',#1688,#1831,#260,.T.);
#2450=EDGE_CURVE('',#1686,#1804,#164,.T.);
#2452=EDGE_CURVE('',#1804,#1806,#168,.T.);
#2462=EDGE_CURVE('',#1980,#2035,#172,.T.);
#2464=EDGE_CURVE('',#1827,#2035,#276,.T.);
#2466=EDGE_CURVE('',#1820,#1827,#176,.T.);
#2468=EDGE_CURVE('',#1820,#1816,#180,.T.);
#2470=EDGE_CURVE('',#1816,#1818,#184,.T.);
#2472=EDGE_CURVE('',#1818,#1980,#188,.T.);
#2482=EDGE_CURVE('',#1977,#2031,#192,.T.);
#2485=EDGE_CURVE('',#1978,#1704,#200,.T.);
#2487=EDGE_CURVE('',#1704,#1706,#404,.T.);
#2489=EDGE_CURVE('',#2031,#1706,#292,.T.);
#2500=EDGE_CURVE('',#1835,#1882,#236,.T.);
#2502=EDGE_CURVE('',#1824,#1835,#208,.T.);
#2504=EDGE_CURVE('',#1844,#1824,#212,.T.);
#2506=EDGE_CURVE('',#1843,#1844,#792,.T.);
#2508=EDGE_CURVE('',#1843,#1859,#216,.T.);
#2510=EDGE_CURVE('',#1859,#1860,#1260,.T.);
#2512=EDGE_CURVE('',#1832,#1860,#220,.T.);
#2514=EDGE_CURVE('',#1831,#1832,#264,.T.);
#2517=EDGE_CURVE('',#1806,#1886,#224,.T.);
#2528=EDGE_CURVE('',#1836,#1881,#316,.T.);
#2530=EDGE_CURVE('',#1835,#1836,#232,.T.);
#2542=EDGE_CURVE('',#2040,#2085,#888,.T.);
#2544=EDGE_CURVE('',#2039,#2040,#244,.T.);
#2546=EDGE_CURVE('',#2039,#2086,#248,.T.);
#2556=EDGE_CURVE('',#2176,#2178,#252,.T.);
#2558=EDGE_CURVE('',#2180,#2178,#256,.T.);
#2560=EDGE_CURVE('',#1690,#2180,#498,.T.);
#2565=EDGE_CURVE('',#1832,#1828,#268,.T.);
#2567=EDGE_CURVE('',#1827,#1828,#272,.T.);
#2570=EDGE_CURVE('',#2035,#2036,#280,.T.);
#2572=EDGE_CURVE('',#2036,#2032,#284,.T.);
#2574=EDGE_CURVE('',#2031,#2032,#288,.T.);
#2577=EDGE_CURVE('',#1706,#2176,#400,.T.);
#2588=EDGE_CURVE('',#1820,#1888,#328,.T.);
#2592=EDGE_CURVE('',#1828,#1864,#300,.T.);
#2594=EDGE_CURVE('',#1868,#1864,#1288,.T.);
#2596=EDGE_CURVE('',#1852,#1868,#304,.T.);
#2598=EDGE_CURVE('',#1852,#1848,#1248,.T.);
#2600=EDGE_CURVE('',#1848,#1823,#308,.T.);
#2602=EDGE_CURVE('',#1823,#1836,#312,.T.);
#2614=EDGE_CURVE('',#1890,#1816,#324,.T.);
#2626=EDGE_CURVE('',#1878,#1890,#332,.T.);
#2629=EDGE_CURVE('',#1809,#1810,#352,.T.);
#2631=EDGE_CURVE('',#1810,#1816,#380,.T.);
#2655=EDGE_CURVE('',#1684,#1802,#368,.T.);
#2669=EDGE_CURVE('',#1701,#1702,#412,.T.);
#2671=EDGE_CURVE('',#1974,#1702,#376,.T.);
#2683=EDGE_CURVE('',#1813,#1814,#360,.T.);
#2685=EDGE_CURVE('',#1810,#1814,#384,.T.);
#2709=EDGE_CURVE('',#1702,#1704,#408,.T.);
#2722=EDGE_CURVE('',#1814,#1818,#388,.T.);
#2733=EDGE_CURVE('',#2173,#2174,#392,.T.);
#2735=EDGE_CURVE('',#2174,#2176,#396,.T.);
#2745=EDGE_CURVE('',#1693,#1694,#432,.T.);
#2747=EDGE_CURVE('',#2173,#1693,#436,.T.);
#2758=EDGE_CURVE('',#2173,#2182,#448,.T.);
#2760=EDGE_CURVE('',#2184,#2182,#440,.T.);
#2762=EDGE_CURVE('',#2174,#2184,#444,.T.);
#2774=EDGE_CURVE('',#1731,#1693,#514,.T.);
#2776=EDGE_CURVE('',#1731,#1732,#452,.T.);
#2778=EDGE_CURVE('',#1732,#1734,#457,.T.);
#2780=EDGE_CURVE('',#1778,#1734,#461,.T.);
#2782=EDGE_CURVE('',#1797,#1778,#465,.T.);
#2784=EDGE_CURVE('',#1797,#1798,#469,.T.);
#2786=EDGE_CURVE('',#1794,#1798,#473,.T.);
#2788=EDGE_CURVE('',#1793,#1794,#477,.T.);
#2790=EDGE_CURVE('',#1776,#1793,#481,.T.);
#2792=EDGE_CURVE('',#1776,#1728,#485,.T.);
#2794=EDGE_CURVE('',#1728,#1726,#490,.T.);
#2796=EDGE_CURVE('',#1725,#1726,#494,.T.);
#2798=EDGE_CURVE('',#1675,#1725,#518,.T.);
#2802=EDGE_CURVE('',#2180,#2182,#502,.T.);
#2812=EDGE_CURVE('',#1725,#1750,#506,.T.);
#2814=EDGE_CURVE('',#1749,#1750,#662,.T.);
#2816=EDGE_CURVE('',#1756,#1749,#650,.T.);
#2818=EDGE_CURVE('',#1756,#1760,#638,.T.);
#2820=EDGE_CURVE('',#1760,#1764,#626,.T.);
#2822=EDGE_CURVE('',#1768,#1764,#610,.T.);
#2824=EDGE_CURVE('',#1731,#1768,#510,.T.);
#2839=EDGE_CURVE('',#1773,#1774,#522,.T.);
#2841=EDGE_CURVE('',#1774,#1743,#526,.T.);
#2843=EDGE_CURVE('',#1737,#1743,#530,.T.);
#2845=EDGE_CURVE('',#1773,#1737,#534,.T.);
#2857=EDGE_CURVE('',#1726,#1740,#538,.T.);
#2859=EDGE_CURVE('',#1754,#1740,#674,.T.);
#2861=EDGE_CURVE('',#1750,#1754,#666,.T.);
#2872=EDGE_CURVE('',#1728,#1738,#542,.T.);
#2874=EDGE_CURVE('',#1738,#1740,#679,.T.);
#2885=EDGE_CURVE('',#1773,#1776,#546,.T.);
#2888=EDGE_CURVE('',#1737,#1738,#683,.T.);
#2901=EDGE_CURVE('',#1793,#1797,#550,.T.);
#2904=EDGE_CURVE('',#1774,#1778,#598,.T.);
#2917=EDGE_CURVE('',#1784,#1793,#570,.T.);
#2919=EDGE_CURVE('',#1784,#1790,#554,.T.);
#2921=EDGE_CURVE('',#1790,#1797,#574,.T.);
#2932=EDGE_CURVE('',#1794,#1781,#558,.T.);
#2934=EDGE_CURVE('',#1781,#1782,#562,.T.);
#2936=EDGE_CURVE('',#1782,#1784,#566,.T.);
#2948=EDGE_CURVE('',#1798,#1787,#586,.T.);
#2950=EDGE_CURVE('',#1781,#1787,#594,.T.);
#2963=EDGE_CURVE('',#1788,#1790,#578,.T.);
#2965=EDGE_CURVE('',#1787,#1788,#582,.T.);
#2977=EDGE_CURVE('',#1782,#1788,#590,.T.);
#3003=EDGE_CURVE('',#1734,#1744,#602,.T.);
#3005=EDGE_CURVE('',#1743,#1744,#687,.T.);
#3017=EDGE_CURVE('',#1732,#1746,#606,.T.);
#3019=EDGE_CURVE('',#1746,#1744,#692,.T.);
#3031=EDGE_CURVE('',#1768,#1770,#622,.T.);
#3033=EDGE_CURVE('',#1770,#1746,#696,.T.);
#3046=EDGE_CURVE('',#1764,#1766,#614,.T.);
#3048=EDGE_CURVE('',#1770,#1766,#618,.T.);
#3060=EDGE_CURVE('',#1760,#1762,#630,.T.);
#3062=EDGE_CURVE('',#1762,#1766,#634,.T.);
#3074=EDGE_CURVE('',#1756,#1758,#642,.T.);
#3076=EDGE_CURVE('',#1758,#1762,#646,.T.);
#3088=EDGE_CURVE('',#1749,#1753,#654,.T.);
#3090=EDGE_CURVE('',#1758,#1753,#658,.T.);
#3103=EDGE_CURVE('',#1753,#1754,#670,.T.);
#3122=EDGE_CURVE('',#1714,#1766,#720,.T.);
#3124=EDGE_CURVE('',#1714,#1722,#700,.T.);
#3126=EDGE_CURVE('',#1722,#1753,#724,.T.);
#3138=EDGE_CURVE('',#1762,#1709,#704,.T.);
#3140=EDGE_CURVE('',#1709,#1710,#708,.T.);
#3142=EDGE_CURVE('',#1710,#1712,#712,.T.);
#3144=EDGE_CURVE('',#1712,#1714,#716,.T.);
#3156=EDGE_CURVE('',#1758,#1717,#740,.T.);
#3158=EDGE_CURVE('',#1709,#1717,#796,.T.);
#3171=EDGE_CURVE('',#1720,#1722,#728,.T.);
#3173=EDGE_CURVE('',#1718,#1720,#732,.T.);
#3175=EDGE_CURVE('',#1717,#1718,#736,.T.);
#3186=EDGE_CURVE('',#2070,#2066,#756,.T.);
#3188=EDGE_CURVE('',#2060,#2066,#908,.T.);
#3190=EDGE_CURVE('',#2059,#2060,#920,.T.);
#3192=EDGE_CURVE('',#2059,#1866,#744,.T.);
#3194=EDGE_CURVE('',#1866,#1862,#1280,.T.);
#3196=EDGE_CURVE('',#1856,#1862,#1268,.T.);
#3198=EDGE_CURVE('',#1855,#1856,#1256,.T.);
#3200=EDGE_CURVE('',#1855,#1720,#748,.T.);
#3205=EDGE_CURVE('',#1712,#2070,#752,.T.);
#3216=EDGE_CURVE('',#2070,#2072,#760,.T.);
#3218=EDGE_CURVE('',#2072,#2068,#764,.T.);
#3220=EDGE_CURVE('',#2066,#2068,#768,.T.);
#3230=EDGE_CURVE('',#1839,#1843,#788,.T.);
#3232=EDGE_CURVE('',#1839,#1718,#772,.T.);
#3236=EDGE_CURVE('',#1855,#1859,#1264,.T.);
#3247=EDGE_CURVE('',#2054,#2056,#812,.T.);
#3249=EDGE_CURVE('',#2056,#2072,#876,.T.);
#3254=EDGE_CURVE('',#1710,#2054,#776,.T.);
#3264=EDGE_CURVE('',#2043,#2047,#832,.T.);
#3266=EDGE_CURVE('',#2043,#1850,#780,.T.);
#3268=EDGE_CURVE('',#1850,#1852,#1252,.T.);
#3271=EDGE_CURVE('',#1866,#1868,#1284,.T.);
#3274=EDGE_CURVE('',#2059,#2063,#928,.T.);
#3276=EDGE_CURVE('',#2047,#2063,#852,.T.);
#3286=EDGE_CURVE('',#1839,#1840,#784,.T.);
#3290=EDGE_CURVE('',#1840,#1844,#1228,.T.);
#3300=EDGE_CURVE('',#2054,#2050,#800,.T.);
#3308=EDGE_CURVE('',#1840,#1846,#1224,.T.);
#3310=EDGE_CURVE('',#1850,#1846,#1240,.T.);
#3313=EDGE_CURVE('',#2043,#2044,#828,.T.);
#3315=EDGE_CURVE('',#2044,#2050,#816,.T.);
#3326=EDGE_CURVE('',#2050,#2052,#804,.T.);
#3328=EDGE_CURVE('',#2056,#2052,#808,.T.);
#3340=EDGE_CURVE('',#2044,#2048,#820,.T.);
#3342=EDGE_CURVE('',#2048,#2052,#824,.T.);
#3355=EDGE_CURVE('',#2047,#2048,#836,.T.);
#3368=EDGE_CURVE('',#2028,#2039,#844,.T.);
#3370=EDGE_CURVE('',#2048,#2028,#848,.T.);
#3374=EDGE_CURVE('',#2063,#2064,#924,.T.);
#3376=EDGE_CURVE('',#2036,#2064,#856,.T.);
#3380=EDGE_CURVE('',#1980,#2090,#860,.T.);
#3391=EDGE_CURVE('',#2027,#2040,#884,.T.);
#3393=EDGE_CURVE('',#2027,#2028,#864,.T.);
#3408=EDGE_CURVE('',#2032,#2068,#872,.T.);
#3413=EDGE_CURVE('',#2052,#2027,#880,.T.);
#3427=EDGE_CURVE('',#2064,#2068,#912,.T.);
#3432=EDGE_CURVE('',#2195,#2196,#892,.T.);
#3434=EDGE_CURVE('',#2195,#2199,#896,.T.);
#3436=EDGE_CURVE('',#2199,#2200,#900,.T.);
#3438=EDGE_CURVE('',#2196,#2200,#904,.T.);
#3451=EDGE_CURVE('',#2060,#2064,#916,.T.);
#3473=EDGE_CURVE('',#2097,#2098,#932,.T.);
#3475=EDGE_CURVE('',#2097,#2142,#936,.T.);
#3477=EDGE_CURVE('',#2142,#1987,#941,.T.);
#3479=EDGE_CURVE('',#1987,#1988,#945,.T.);
#3481=EDGE_CURVE('',#1988,#2195,#949,.T.);
#3484=EDGE_CURVE('',#2196,#1991,#953,.T.);
#3486=EDGE_CURVE('',#1991,#1992,#957,.T.);
#3488=EDGE_CURVE('',#1992,#1994,#961,.T.);
#3490=EDGE_CURVE('',#1994,#1996,#965,.T.);
#3492=EDGE_CURVE('',#1996,#1998,#969,.T.);
#3494=EDGE_CURVE('',#1998,#2000,#973,.T.);
#3496=EDGE_CURVE('',#2000,#2002,#977,.T.);
#3498=EDGE_CURVE('',#2002,#1983,#981,.T.);
#3500=EDGE_CURVE('',#1983,#1984,#985,.T.);
#3502=EDGE_CURVE('',#1984,#2140,#990,.T.);
#3504=EDGE_CURVE('',#2140,#2098,#994,.T.);
#3515=EDGE_CURVE('',#2108,#2098,#1010,.T.);
#3517=EDGE_CURVE('',#2108,#2126,#998,.T.);
#3519=EDGE_CURVE('',#2126,#2097,#1188,.T.);
#3529=EDGE_CURVE('',#2105,#2106,#1002,.T.);
#3531=EDGE_CURVE('',#2106,#2108,#1006,.T.);
#3535=EDGE_CURVE('',#2140,#2144,#1014,.T.);
#3537=EDGE_CURVE('',#2144,#2102,#1054,.T.);
#3539=EDGE_CURVE('',#2102,#2110,#1018,.T.);
#3541=EDGE_CURVE('',#2110,#2112,#1022,.T.);
#3543=EDGE_CURVE('',#2112,#2114,#1026,.T.);
#3545=EDGE_CURVE('',#2105,#2114,#1034,.T.);
#3556=EDGE_CURVE('',#2105,#2116,#1030,.T.);
#3558=EDGE_CURVE('',#2116,#2120,#1196,.T.);
#3560=EDGE_CURVE('',#2120,#2124,#1168,.T.);
#3562=EDGE_CURVE('',#2106,#2124,#1208,.T.);
#3574=EDGE_CURVE('',#2114,#2118,#1038,.T.);
#3576=EDGE_CURVE('',#2116,#2118,#1200,.T.);
#3587=EDGE_CURVE('',#2112,#2130,#1042,.T.);
#3589=EDGE_CURVE('',#2122,#2130,#1176,.T.);
#3591=EDGE_CURVE('',#2118,#2122,#1204,.T.);
#3603=EDGE_CURVE('',#2110,#2128,#1046,.T.);
#3605=EDGE_CURVE('',#2128,#2130,#1180,.T.);
#3616=EDGE_CURVE('',#2101,#2102,#1050,.T.);
#3618=EDGE_CURVE('',#2101,#2128,#1184,.T.);
#3632=EDGE_CURVE('',#2006,#2144,#1059,.T.);
#3634=EDGE_CURVE('',#2005,#2006,#1063,.T.);
#3636=EDGE_CURVE('',#2024,#2005,#1067,.T.);
#3638=EDGE_CURVE('',#2022,#2024,#1071,.T.);
#3640=EDGE_CURVE('',#2020,#2022,#1075,.T.);
#3642=EDGE_CURVE('',#2018,#2020,#1079,.T.);
#3644=EDGE_CURVE('',#2016,#2018,#1083,.T.);
#3646=EDGE_CURVE('',#2014,#2016,#1087,.T.);
#3648=EDGE_CURVE('',#2013,#2014,#1091,.T.);
#3650=EDGE_CURVE('',#2200,#2013,#1095,.T.);
#3653=EDGE_CURVE('',#2010,#2199,#1099,.T.);
#3655=EDGE_CURVE('',#2009,#2010,#1103,.T.);
#3657=EDGE_CURVE('',#2146,#2009,#1108,.T.);
#3659=EDGE_CURVE('',#2101,#2146,#1112,.T.);
#3670=EDGE_CURVE('',#1984,#2006,#1116,.T.);
#3683=EDGE_CURVE('',#1983,#2005,#1120,.T.);
#3696=EDGE_CURVE('',#2002,#2024,#1124,.T.);
#3709=EDGE_CURVE('',#2000,#2022,#1128,.T.);
#3722=EDGE_CURVE('',#1998,#2020,#1132,.T.);
#3735=EDGE_CURVE('',#1996,#2018,#1136,.T.);
#3748=EDGE_CURVE('',#1994,#2016,#1140,.T.);
#3761=EDGE_CURVE('',#1992,#2014,#1144,.T.);
#3774=EDGE_CURVE('',#1991,#2013,#1148,.T.);
#3800=EDGE_CURVE('',#1988,#2010,#1152,.T.);
#3812=EDGE_CURVE('',#1987,#2009,#1156,.T.);
#3825=EDGE_CURVE('',#2142,#2146,#1160,.T.);
#3837=EDGE_CURVE('',#2097,#2101,#1164,.T.);
#3851=EDGE_CURVE('',#2120,#2122,#1172,.T.);
#3858=EDGE_CURVE('',#2124,#2126,#1192,.T.);
#3907=EDGE_CURVE('',#2088,#1818,#1216,.T.);
#3932=EDGE_CURVE('',#1844,#1848,#1232,.T.);
#3934=EDGE_CURVE('',#1846,#1848,#1244,.T.);
#3946=EDGE_CURVE('',#1823,#1824,#1236,.T.);
#3982=EDGE_CURVE('',#1856,#1860,#1276,.T.);
#3995=EDGE_CURVE('',#1862,#1864,#1292,.T.);
#3997=EDGE_CURVE('',#1860,#1864,#1272,.T.);
#4026=EDGE_CURVE('',#2187,#2188,#1296,.T.);
#4028=EDGE_CURVE('',#2187,#2191,#1300,.T.);
#4030=EDGE_CURVE('',#2191,#2192,#1304,.T.);
#4032=EDGE_CURVE('',#2188,#2192,#1308,.T.);
#4042=EDGE_CURVE('',#1937,#1938,#1312,.T.);
#4044=EDGE_CURVE('',#1937,#2134,#1316,.T.);
#4046=EDGE_CURVE('',#2134,#1897,#1321,.T.);
#4048=EDGE_CURVE('',#1897,#1898,#1325,.T.);
#4050=EDGE_CURVE('',#1898,#2187,#1329,.T.);
#4053=EDGE_CURVE('',#2188,#1901,#1333,.T.);
#4055=EDGE_CURVE('',#1901,#1902,#1337,.T.);
#4057=EDGE_CURVE('',#1902,#1904,#1341,.T.);
#4059=EDGE_CURVE('',#1904,#1906,#1345,.T.);
#4061=EDGE_CURVE('',#1906,#1908,#1349,.T.);
#4063=EDGE_CURVE('',#1908,#1910,#1353,.T.);
#4065=EDGE_CURVE('',#1910,#1912,#1357,.T.);
#4067=EDGE_CURVE('',#1912,#1893,#1361,.T.);
#4069=EDGE_CURVE('',#1893,#1894,#1365,.T.);
#4071=EDGE_CURVE('',#1894,#2132,#1370,.T.);
#4073=EDGE_CURVE('',#2132,#1938,#1374,.T.);
#4084=EDGE_CURVE('',#1948,#1938,#1390,.T.);
#4086=EDGE_CURVE('',#1948,#1966,#1378,.T.);
#4088=EDGE_CURVE('',#1966,#1937,#1568,.T.);
#4098=EDGE_CURVE('',#1945,#1946,#1382,.T.);
#4100=EDGE_CURVE('',#1946,#1948,#1386,.T.);
#4104=EDGE_CURVE('',#2132,#2136,#1394,.T.);
#4106=EDGE_CURVE('',#2136,#1942,#1434,.T.);
#4108=EDGE_CURVE('',#1942,#1950,#1398,.T.);
#4110=EDGE_CURVE('',#1950,#1952,#1402,.T.);
#4112=EDGE_CURVE('',#1952,#1954,#1406,.T.);
#4114=EDGE_CURVE('',#1945,#1954,#1414,.T.);
#4125=EDGE_CURVE('',#1945,#1956,#1410,.T.);
#4127=EDGE_CURVE('',#1956,#1960,#1576,.T.);
#4129=EDGE_CURVE('',#1960,#1964,#1548,.T.);
#4131=EDGE_CURVE('',#1946,#1964,#1588,.T.);
#4143=EDGE_CURVE('',#1954,#1958,#1418,.T.);
#4145=EDGE_CURVE('',#1956,#1958,#1580,.T.);
#4156=EDGE_CURVE('',#1952,#1970,#1422,.T.);
#4158=EDGE_CURVE('',#1962,#1970,#1556,.T.);
#4160=EDGE_CURVE('',#1958,#1962,#1584,.T.);
#4172=EDGE_CURVE('',#1950,#1968,#1426,.T.);
#4174=EDGE_CURVE('',#1968,#1970,#1560,.T.);
#4185=EDGE_CURVE('',#1941,#1942,#1430,.T.);
#4187=EDGE_CURVE('',#1941,#1968,#1564,.T.);
#4201=EDGE_CURVE('',#1916,#2136,#1439,.T.);
#4203=EDGE_CURVE('',#1915,#1916,#1443,.T.);
#4205=EDGE_CURVE('',#1934,#1915,#1447,.T.);
#4207=EDGE_CURVE('',#1932,#1934,#1451,.T.);
#4209=EDGE_CURVE('',#1930,#1932,#1455,.T.);
#4211=EDGE_CURVE('',#1928,#1930,#1459,.T.);
#4213=EDGE_CURVE('',#1926,#1928,#1463,.T.);
#4215=EDGE_CURVE('',#1924,#1926,#1467,.T.);
#4217=EDGE_CURVE('',#1923,#1924,#1471,.T.);
#4219=EDGE_CURVE('',#2192,#1923,#1475,.T.);
#4222=EDGE_CURVE('',#1920,#2191,#1479,.T.);
#4224=EDGE_CURVE('',#1919,#1920,#1483,.T.);
#4226=EDGE_CURVE('',#2138,#1919,#1488,.T.);
#4228=EDGE_CURVE('',#1941,#2138,#1492,.T.);
#4239=EDGE_CURVE('',#1894,#1916,#1496,.T.);
#4252=EDGE_CURVE('',#1893,#1915,#1500,.T.);
#4265=EDGE_CURVE('',#1912,#1934,#1504,.T.);
#4278=EDGE_CURVE('',#1910,#1932,#1508,.T.);
#4291=EDGE_CURVE('',#1908,#1930,#1512,.T.);
#4304=EDGE_CURVE('',#1906,#1928,#1516,.T.);
#4317=EDGE_CURVE('',#1904,#1926,#1520,.T.);
#4330=EDGE_CURVE('',#1902,#1924,#1524,.T.);
#4343=EDGE_CURVE('',#1901,#1923,#1528,.T.);
#4369=EDGE_CURVE('',#1898,#1920,#1532,.T.);
#4381=EDGE_CURVE('',#1897,#1919,#1536,.T.);
#4394=EDGE_CURVE('',#2134,#2138,#1540,.T.);
#4406=EDGE_CURVE('',#1937,#1941,#1544,.T.);
#4420=EDGE_CURVE('',#1960,#1962,#1552,.T.);
#4427=EDGE_CURVE('',#1964,#1966,#1572,.T.);
#4462=EDGE_CURVE('',#2178,#2184,#1592,.T.);
#4499=EDGE_CURVE('',#2157,#2149,#1604,.T.);
#4501=EDGE_CURVE('',#2149,#2150,#1622,.T.);
#4503=EDGE_CURVE('',#2158,#2150,#1608,.T.);
#4515=EDGE_CURVE('',#2150,#2149,#1613,.T.);
#4527=EDGE_CURVE('',#2150,#2154,#1617,.T.);
#4529=EDGE_CURVE('',#2154,#2153,#1636,.T.);
#4531=EDGE_CURVE('',#2149,#2153,#1626,.T.);
#4543=EDGE_CURVE('',#2153,#2154,#1631,.T.);
#4565=EDGE_CURVE('',#2169,#2161,#1640,.T.);
#4567=EDGE_CURVE('',#2161,#2162,#1658,.T.);
#4569=EDGE_CURVE('',#2170,#2162,#1644,.T.);
#4581=EDGE_CURVE('',#2162,#2161,#1649,.T.);
#4593=EDGE_CURVE('',#2162,#2166,#1653,.T.);
#4595=EDGE_CURVE('',#2166,#2165,#1672,.T.);
#4597=EDGE_CURVE('',#2161,#2165,#1662,.T.);
#4609=EDGE_CURVE('',#2165,#2166,#1667,.T.);
#4635=CIRCLE('',#4634,6.E-1);
#4636=TRIMMED_CURVE('',#4635,(PARAMETER_VALUE(0.E0)),(PARAMETER_VALUE(1.8E2)),
.T.,.UNSPECIFIED.);
#4637=COMPOSITE_CURVE_SEGMENT(.CONTINUOUS.,.T.,#4636);
#4642=CIRCLE('',#4641,6.E-1);
#4643=TRIMMED_CURVE('',#4642,(PARAMETER_VALUE(0.E0)),(PARAMETER_VALUE(1.8E2)),
.T.,.UNSPECIFIED.);
#4644=COMPOSITE_CURVE_SEGMENT(.CONTINUOUS.,.T.,#4643);
#4645=COMPOSITE_CURVE('',(#4637,#4644),.F.);
#4651=CIRCLE('',#4650,6.E-1);
#4652=TRIMMED_CURVE('',#4651,(PARAMETER_VALUE(0.E0)),(PARAMETER_VALUE(1.8E2)),
.T.,.UNSPECIFIED.);
#4653=COMPOSITE_CURVE_SEGMENT(.CONTINUOUS.,.T.,#4652);
#4658=CIRCLE('',#4657,6.E-1);
#4659=TRIMMED_CURVE('',#4658,(PARAMETER_VALUE(0.E0)),(PARAMETER_VALUE(1.8E2)),
.T.,.UNSPECIFIED.);
#4660=COMPOSITE_CURVE_SEGMENT(.CONTINUOUS.,.T.,#4659);
#4661=COMPOSITE_CURVE('',(#4653,#4660),.F.);
#4666=CIRCLE('',#4665,8.75E-1);
#4667=TRIMMED_CURVE('',#4666,(PARAMETER_VALUE(0.E0)),(PARAMETER_VALUE(1.8E2)),
.T.,.UNSPECIFIED.);
#4668=COMPOSITE_CURVE_SEGMENT(.CONTINUOUS.,.T.,#4667);
#4673=CIRCLE('',#4672,8.75E-1);
#4674=TRIMMED_CURVE('',#4673,(PARAMETER_VALUE(0.E0)),(PARAMETER_VALUE(1.8E2)),
.T.,.UNSPECIFIED.);
#4675=COMPOSITE_CURVE_SEGMENT(.CONTINUOUS.,.T.,#4674);
#4676=COMPOSITE_CURVE('',(#4668,#4675),.F.);
#4681=CIRCLE('',#4680,8.75E-1);
#4682=TRIMMED_CURVE('',#4681,(PARAMETER_VALUE(0.E0)),(PARAMETER_VALUE(1.8E2)),
.T.,.UNSPECIFIED.);
#4683=COMPOSITE_CURVE_SEGMENT(.CONTINUOUS.,.T.,#4682);
#4688=CIRCLE('',#4687,8.75E-1);
#4689=TRIMMED_CURVE('',#4688,(PARAMETER_VALUE(0.E0)),(PARAMETER_VALUE(1.8E2)),
.T.,.UNSPECIFIED.);
#4690=COMPOSITE_CURVE_SEGMENT(.CONTINUOUS.,.T.,#4689);
#4691=COMPOSITE_CURVE('',(#4683,#4690),.F.);
#4696=TRIMMED_CURVE('',#4695,(PARAMETER_VALUE(0.E0)),(PARAMETER_VALUE(1.E0)),
.T.,.UNSPECIFIED.);
#4697=COMPOSITE_CURVE_SEGMENT(.CONTINUOUS.,.T.,#4696);
#4702=TRIMMED_CURVE('',#4701,(PARAMETER_VALUE(0.E0)),(PARAMETER_VALUE(1.E0)),
.T.,.UNSPECIFIED.);
#4703=COMPOSITE_CURVE_SEGMENT(.CONTINUOUS.,.T.,#4702);
#4708=TRIMMED_CURVE('',#4707,(PARAMETER_VALUE(0.E0)),(PARAMETER_VALUE(1.E0)),
.T.,.UNSPECIFIED.);
#4709=COMPOSITE_CURVE_SEGMENT(.CONTINUOUS.,.T.,#4708);
#4714=TRIMMED_CURVE('',#4713,(PARAMETER_VALUE(0.E0)),(PARAMETER_VALUE(1.E0)),
.T.,.UNSPECIFIED.);
#4715=COMPOSITE_CURVE_SEGMENT(.CONTINUOUS.,.T.,#4714);
#4720=TRIMMED_CURVE('',#4719,(PARAMETER_VALUE(0.E0)),(PARAMETER_VALUE(1.E0)),
.T.,.UNSPECIFIED.);
#4721=COMPOSITE_CURVE_SEGMENT(.CONTINUOUS.,.T.,#4720);
#4726=TRIMMED_CURVE('',#4725,(PARAMETER_VALUE(0.E0)),(PARAMETER_VALUE(1.E0)),
.T.,.UNSPECIFIED.);
#4727=COMPOSITE_CURVE_SEGMENT(.CONTINUOUS.,.T.,#4726);
#4732=TRIMMED_CURVE('',#4731,(PARAMETER_VALUE(0.E0)),(PARAMETER_VALUE(1.E0)),
.T.,.UNSPECIFIED.);
#4733=COMPOSITE_CURVE_SEGMENT(.CONTINUOUS.,.T.,#4732);
#4734=COMPOSITE_CURVE('',(#4697,#4703,#4709,#4715,#4721,#4727,#4733),.F.);
#4735=(LENGTH_UNIT()NAMED_UNIT(*)SI_UNIT(.MILLI.,.METRE.));
#4737=(NAMED_UNIT(*)PLANE_ANGLE_UNIT()SI_UNIT($,.RADIAN.));
#4740=(NAMED_UNIT(*)SI_UNIT($,.STERADIAN.)SOLID_ANGLE_UNIT());
#4743=ADVANCED_BREP_SHAPE_REPRESENTATION('',(#4626),#4742);
#4744=GEOMETRICALLY_BOUNDED_SURFACE_SHAPE_REPRESENTATION('',(#4646),#4742);
#4745=SHAPE_REPRESENTATION('',(#4630),#4742);
#4754=PRODUCT_DEFINITION('design','',#4753,#4750);
#4755=PRODUCT_DEFINITION_SHAPE('','SHAPE FOR 532590229.',#4754);
#4756=SHAPE_DEFINITION_REPRESENTATION(#4755,#4745);
ENDSEC;
END-ISO-10303-21;
